,date,assets
0,0,1000000.0
1,20090105,1000000.0
2,20090106,1000000.0
3,20090107,1000000.0
4,20090108,1000000.0
5,20090109,1000000.0
6,20090112,1000000.0
7,20090113,1000000.0
8,20090114,1000000.0
9,20090115,1000000.0
10,20090116,1000000.0
11,20090120,1000000.0
12,20090121,1000000.0
13,20090122,1000000.0
14,20090123,1000000.0
15,20090126,1000000.0
16,20090127,1000000.0
17,20090128,1000000.0
18,20090129,1000000.0
19,20090130,1000000.0
20,20090202,1000000.0
21,20090203,1000000.0
22,20090204,1000000.0
23,20090205,1000000.0
24,20090206,1000000.0
25,20090209,999948.6860896379
26,20090210,999945.3526891937
27,20090211,999945.3526891937
28,20090212,999964.7758849841
29,20090213,999878.1716141101
30,20090217,1000520.423158853
31,20090218,1000928.722771563
32,20090219,1000695.4592010435
33,20090220,1000883.375036308
34,20090223,1000874.8180700092
35,20090224,1000871.451358569
36,20090225,1000871.451358569
37,20090226,1000871.451358569
38,20090227,1000871.451358569
39,20090302,1000871.451358569
40,20090303,1000807.9293580556
41,20090304,1000799.9979476954
42,20090305,1000859.3651673871
43,20090306,1000857.4952746221
44,20090309,1000857.4952746221
45,20090310,1000765.0317008857
46,20090311,1000761.7984099779
47,20090312,1000761.7984099779
48,20090313,1000761.7984099779
49,20090316,1000761.7984099779
50,20090317,1000761.7984099779
51,20090318,1000761.7984099779
52,20090319,1000761.7984099779
53,20090320,1000761.7984099779
54,20090323,1000761.7984099779
55,20090324,1000761.7984099779
56,20090325,1000834.3534609901
57,20090326,1000830.2492300223
58,20090327,1000823.6737396785
59,20090330,1000743.6048394784
60,20090331,1000734.6068391785
61,20090401,1000734.6068391785
62,20090402,1000734.6068391785
63,20090403,1000734.6068391785
64,20090406,1000734.6068391785
65,20090407,1000734.6068391785
66,20090408,1000733.8149499748
67,20090409,1000733.4985041193
68,20090413,1000733.4985041193
69,20090414,1000733.4985041193
70,20090415,1000733.4985041193
71,20090416,1000733.4985041193
72,20090417,1000733.4985041193
73,20090420,1000733.4985041193
74,20090421,1000733.4985041193
75,20090422,1000733.4985041193
76,20090423,1000733.4985041193
77,20090424,1000733.4985041193
78,20090427,1000729.381298447
79,20090428,1000728.9230468804
80,20090429,1000728.9230468804
81,20090430,1000728.9230468804
82,20090501,1000713.256012794
83,20090504,1000731.6438852965
84,20090505,1000730.5597892388
85,20090506,1000730.5597892388
86,20090507,1000730.5597892388
87,20090508,1000746.1271766897
88,20090511,1000741.5117094362
89,20090512,1000740.8361647202
90,20090513,1000770.7660650202
91,20090514,1000761.9756133853
92,20090515,1000784.3350724144
93,20090518,1000779.3691898581
94,20090519,1000782.7768887496
95,20090520,1000782.168683929
96,20090521,1000782.168683929
97,20090522,1000782.168683929
98,20090526,1000782.168683929
99,20090527,1000782.168683929
100,20090528,1000782.168683929
101,20090529,1000782.168683929
102,20090601,1000782.168683929
103,20090602,1000782.168683929
104,20090603,1000732.0497910604
105,20090604,1000738.3747327892
106,20090605,1000737.9405733842
107,20090608,1000737.9405733842
108,20090609,1000737.9405733842
109,20090610,1000737.9405733842
110,20090611,1000737.9405733842
111,20090612,1000737.9405733842
112,20090615,1000737.9405733842
113,20090616,1000737.9405733842
114,20090617,1000737.9405733842
115,20090618,1000737.9405733842
116,20090619,1000737.9405733842
117,20090622,1000737.9405733842
118,20090623,1000737.9405733842
119,20090624,1000737.9405733842
120,20090625,1000737.9405733842
121,20090626,1000737.9405733842
122,20090629,1000723.826631481
123,20090630,1000720.0314659105
124,20090701,1000720.0314659105
125,20090702,1000720.0314659105
126,20090706,1000720.0314659105
127,20090707,1000720.0314659105
128,20090708,1000720.0314659105
129,20090709,1000720.0314659105
130,20090710,1000720.0314659105
131,20090713,1000720.0314659105
132,20090714,1000720.0314659105
133,20090715,1000720.0314659105
134,20090716,1000720.0314659105
135,20090717,1000716.6664908376
136,20090720,1000714.4877641456
137,20090721,1000714.4877641456
138,20090722,1000714.4877641456
139,20090723,1000714.4877641456
140,20090724,1000714.4877641456
141,20090727,1000714.4877641456
142,20090728,1000714.4877641456
143,20090729,1000714.4877641456
144,20090730,1000714.4877641456
145,20090731,1000714.4877641456
146,20090803,1000714.4877641456
147,20090804,1000714.4877641456
148,20090805,1000714.4877641456
149,20090806,1000714.4877641456
150,20090807,1000714.4877641456
151,20090810,1000706.5762839834
152,20090811,1000705.7716723813
153,20090812,1000705.7716723813
154,20090813,1000705.7716723813
155,20090814,1000705.7716723813
156,20090817,1000705.7716723813
157,20090818,1000705.7716723813
158,20090819,1000705.7716723813
159,20090820,1000677.5019960406
160,20090821,1000900.9633819074
161,20090824,1000802.8000299768
162,20090825,1000823.0945639536
163,20090826,1000823.9598986078
164,20090827,1000819.6719297002
165,20090828,1000819.6719297002
166,20090831,1000819.6719297002
167,20090901,1000819.6719297002
168,20090902,1000819.6719297002
169,20090903,1000819.6719297002
170,20090904,1000819.6719297002
171,20090908,1000819.6719297002
172,20090909,1000819.6719297002
173,20090910,1000819.6719297002
174,20090911,1000819.6719297002
175,20090914,1000787.3245432436
176,20090915,1000783.875676324
177,20090916,1000783.875676324
178,20090917,1000783.875676324
179,20090918,1000783.875676324
180,20090921,1000778.2049361167
181,20090922,1000776.8400742238
182,20090923,1000776.8400742238
183,20090924,1000776.8400742238
184,20090925,1000776.8400742238
185,20090928,1000776.8400742238
186,20090929,1000776.8400742238
187,20090930,1000776.8400742238
188,20091001,1000776.8400742238
189,20091002,1000780.4357578045
190,20091005,1000779.5100984367
191,20091006,1000779.5100984367
192,20091007,1000779.5100984367
193,20091008,1000779.5100984367
194,20091009,1000779.5100984367
195,20091012,1000779.5100984367
196,20091013,1000779.5100984367
197,20091014,1000779.5100984367
198,20091015,1000779.5100984367
199,20091016,1000779.5100984367
200,20091019,1000851.7115645569
201,20091020,1000843.763342946
202,20091021,1000843.763342946
203,20091022,1000843.763342946
204,20091023,1000843.763342946
205,20091026,1000843.763342946
206,20091027,1000843.763342946
207,20091028,1000843.763342946
208,20091029,1000843.763342946
209,20091030,1000832.2875817572
210,20091102,1000827.8085519611
211,20091103,1000827.8085519611
212,20091104,1000827.8085519611
213,20091105,1000827.8085519611
214,20091106,1000827.8085519611
215,20091109,1000827.8085519611
216,20091110,1000833.9826012943
217,20091111,1000858.0715000523
218,20091112,1000855.4629783746
219,20091113,1000976.0001979872
220,20091116,1000998.7324571363
221,20091117,1000996.944142404
222,20091118,1000996.944142404
223,20091119,1000996.944142404
224,20091120,1000996.944142404
225,20091123,1000996.944142404
226,20091124,1000996.944142404
227,20091125,1001067.0358575714
228,20091127,1001062.4314334292
229,20091130,1001062.4314334292
230,20091201,1001062.4314334292
231,20091202,1001063.0286731609
232,20091203,1001062.9863707372
233,20091204,1001062.9863707372
234,20091207,1000987.6114707371
235,20091208,1000976.3004706372
236,20091209,1000976.3004706372
237,20091210,1000970.1462686822
238,20091211,1000964.9335697193
239,20091214,1000964.9335697193
240,20091215,1000958.7415737191
241,20091216,1000953.8754531483
242,20091217,1000953.8754531483
243,20091218,1000962.0729782594
244,20091221,1000961.4786190967
245,20091222,1000961.4786190967
246,20091223,1000961.4786190967
247,20091224,1000961.4786190967
248,20091228,1000961.4786190967
249,20091229,1000961.4786190967
250,20091230,1000961.4786190967
251,20091231,1000961.4786190967
252,20100104,1000961.4786190967
253,20100105,1000961.4786190967
254,20100106,1000961.4786190967
255,20100107,1000961.4786190967
256,20100108,1000961.4786190967
257,20100111,1000961.4786190967
258,20100112,1000961.4786190967
259,20100113,1000961.4786190967
260,20100114,1000961.4786190967
261,20100115,1000961.4786190967
262,20100119,1000961.4786190967
263,20100120,1000961.4786190967
264,20100121,1000961.4786190967
265,20100122,1000944.2477939363
266,20100125,1000938.2400591499
267,20100126,1000938.2400591499
268,20100127,1000933.1024974211
269,20100128,1000932.6213756095
270,20100129,1000932.6213756095
271,20100201,1000932.6213756095
272,20100202,1000932.6213756095
273,20100203,1000918.0793339963
274,20100204,1000915.1473511934
275,20100205,1000915.1473511934
276,20100208,1000915.1473511934
277,20100209,1000915.1473511934
278,20100210,1000915.1473511934
279,20100211,1000915.1473511934
280,20100212,1000915.1473511934
281,20100216,1000915.1473511934
282,20100217,1000915.1473511934
283,20100218,1000915.1473511934
284,20100219,1000915.1473511934
285,20100222,1000915.1473511934
286,20100223,1000915.1473511934
287,20100224,1000915.1473511934
288,20100225,1000915.1473511934
289,20100226,1000915.1473511934
290,20100301,1000915.1473511934
291,20100302,1000915.1473511934
292,20100303,1000915.1473511934
293,20100304,1000915.1473511934
294,20100305,1000915.1473511934
295,20100308,1000915.1473511934
296,20100309,1000915.1473511934
297,20100310,1000915.1473511934
298,20100311,1000915.1473511934
299,20100312,1000905.4191161108
300,20100315,1000904.034774473
301,20100316,1000904.034774473
302,20100317,1000904.034774473
303,20100318,1000904.034774473
304,20100319,1000904.034774473
305,20100322,1000904.034774473
306,20100323,1000904.034774473
307,20100324,1000904.034774473
308,20100325,1000904.034774473
309,20100326,1000904.034774473
310,20100329,1000904.034774473
311,20100330,1000904.034774473
312,20100331,1000904.034774473
313,20100401,1000904.034774473
314,20100405,1000904.2195254776
315,20100406,1000904.1801073896
316,20100407,1000904.1801073896
317,20100408,1000904.1801073896
318,20100409,1000913.266778842
319,20100412,1000912.0898108496
320,20100413,1000912.0898108496
321,20100414,1000912.0898108496
322,20100415,1000912.0898108496
323,20100416,1000912.0898108496
324,20100419,1000912.0898108496
325,20100420,1000912.0898108496
326,20100421,1000912.0898108496
327,20100422,1000912.0898108496
328,20100423,1000912.0898108496
329,20100426,1000912.0898108496
330,20100427,1000912.0898108496
331,20100428,1000912.0898108496
332,20100429,1000897.6589110497
333,20100430,1000981.3046289155
334,20100503,1000972.1211159884
335,20100504,1000972.1211159884
336,20100505,1000975.3810036086
337,20100506,1000971.8120371228
338,20100507,1000971.8120371228
339,20100510,1000971.8120371228
340,20100511,1000971.8120371228
341,20100512,1000971.8120371228
342,20100513,1000971.8120371228
343,20100514,1000971.8120371228
344,20100517,1000971.8120371228
345,20100518,1000971.8120371228
346,20100519,1000673.8629373228
347,20100520,1000582.2447844091
348,20100521,1000562.0319934462
349,20100524,1000711.9204837485
350,20100525,1000775.0283550876
351,20100526,1000820.7954658396
352,20100527,1000814.9281440676
353,20100528,1000814.9281440676
354,20100601,1000814.9281440676
355,20100602,1000814.9281440676
356,20100603,1000814.9281440676
357,20100604,1000814.9281440676
358,20100607,1000814.9281440676
359,20100608,1000785.8547407173
360,20100609,1000780.1017548584
361,20100610,1000780.1017548584
362,20100611,1000780.1017548584
363,20100614,1000780.1017548584
364,20100615,1000780.1017548584
365,20100616,1000715.580902183
366,20100617,1000705.639886145
367,20100618,1000705.639886145
368,20100621,1000705.639886145
369,20100622,1000705.639886145
370,20100623,1000705.639886145
371,20100624,1000705.639886145
372,20100625,1000705.639886145
373,20100628,1000705.639886145
374,20100629,1000705.639886145
375,20100630,1000705.639886145
376,20100701,1000705.639886145
377,20100702,1000705.639886145
378,20100706,1000705.639886145
379,20100707,1000705.639886145
380,20100708,1000705.639886145
381,20100709,1000705.639886145
382,20100712,1000705.639886145
383,20100713,1000795.9063865449
384,20100714,1000784.070386445
385,20100715,1000784.070386445
386,20100716,1000784.070386445
387,20100719,1000761.7558256794
388,20100720,1000759.3118494056
389,20100721,1000759.3118494056
390,20100722,1000759.3118494056
391,20100723,1000759.3118494056
392,20100726,1000759.3118494056
393,20100727,1000759.3118494056
394,20100728,1000769.0696157936
395,20100729,1000761.974849685
396,20100730,1000761.974849685
397,20100802,1000761.974849685
398,20100803,1000761.974849685
399,20100804,1000761.974849685
400,20100805,1000761.974849685
401,20100806,1000761.974849685
402,20100809,1000761.974849685
403,20100810,1000761.974849685
404,20100811,1000761.974849685
405,20100812,1000761.974849685
406,20100813,1000761.974849685
407,20100816,1000761.974849685
408,20100817,1000761.974849685
409,20100818,1000761.974849685
410,20100819,1000761.974849685
411,20100820,1000761.974849685
412,20100823,1000761.974849685
413,20100824,1000807.9970497849
414,20100825,1000795.9610496849
415,20100826,1000795.9610496849
416,20100827,1000792.7367261234
417,20100830,1000787.2379676339
418,20100831,1000787.2379676339
419,20100901,1000781.6346937998
420,20100902,1000780.3031393524
421,20100903,1000780.3031393524
422,20100907,1000780.3031393524
423,20100908,1000780.3031393524
424,20100909,1000780.3031393524
425,20100910,1000780.3031393524
426,20100913,1000780.3031393524
427,20100914,1000780.3031393524
428,20100915,1000780.3031393524
429,20100916,1000831.4555056262
430,20100917,1000822.2589398499
431,20100920,1000862.488649241
432,20100921,1000917.9987554321
433,20100922,1000910.4826825891
434,20100923,1000910.4826825891
435,20100924,1000910.4826825891
436,20100927,1000910.4826825891
437,20100928,1000910.4826825891
438,20100929,1000910.4826825891
439,20100930,1000910.4826825891
440,20101001,1000910.4826825891
441,20101004,1000910.4826825891
442,20101005,1000910.4826825891
443,20101006,1000910.4826825891
444,20101007,1000910.4826825891
445,20101008,1000910.4826825891
446,20101011,1000910.4826825891
447,20101012,1000909.4383881966
448,20101013,1000909.1402868516
449,20101014,1000909.1402868516
450,20101015,1000909.1402868516
451,20101018,1000909.1402868516
452,20101019,1000909.1402868516
453,20101020,1000909.1402868516
454,20101021,1000909.1402868516
455,20101022,1000909.1402868516
456,20101025,1000909.1402868516
457,20101026,1000909.1402868516
458,20101027,1000841.9969766441
459,20101028,1000924.4645284844
460,20101029,1000918.1409629632
461,20101101,1000918.1409629632
462,20101102,1000918.1409629632
463,20101103,1000918.1409629632
464,20101104,1000918.1409629632
465,20101105,1000918.1409629632
466,20101108,1000918.1409629632
467,20101109,1000918.1409629632
468,20101110,1000918.1409629632
469,20101111,1000946.4168624632
470,20101112,1000635.2529130172
471,20101115,1000624.8782824533
472,20101116,1000624.8782824533
473,20101117,1000624.8782824533
474,20101118,1000692.9778924276
475,20101119,1000697.5460270747
476,20101122,1000690.8041741882
477,20101123,1000690.8041741882
478,20101124,1000686.8471519835
479,20101126,1000685.3901744605
480,20101129,1000685.3901744605
481,20101130,1000685.3901744605
482,20101201,1000685.3901744605
483,20101202,1000685.3901744605
484,20101203,1000835.8311813751
485,20101206,1000828.2359952909
486,20101207,1000828.2359952909
487,20101208,1000828.2359952909
488,20101209,1000828.2359952909
489,20101210,1000828.2359952909
490,20101213,1000828.2359952909
491,20101214,1000828.2359952909
492,20101215,1000828.2359952909
493,20101216,1000828.2359952909
494,20101217,1000828.2359952909
495,20101220,1000828.2359952909
496,20101221,1000828.2359952909
497,20101222,1000828.2359952909
498,20101223,1000828.2359952909
499,20101227,1000828.2359952909
500,20101228,1000828.2359952909
501,20101229,1000828.2359952909
502,20101230,1000828.2359952909
503,20101231,1000836.2089140243
504,20110103,1000835.4967290693
505,20110104,1000835.4967290693
506,20110105,1000835.4967290693
507,20110106,1000835.4967290693
508,20110107,1000835.4967290693
509,20110110,1000835.4967290693
510,20110111,1000835.4967290693
511,20110112,1000850.7375889524
512,20110113,1000845.7639396585
513,20110114,1000706.378973183
514,20110118,1000693.9998834175
515,20110119,1000693.9998834175
516,20110120,1000693.9998834175
517,20110121,1000665.0854823665
518,20110124,1000549.2042687751
519,20110125,1000503.2210234317
520,20110126,1000565.846174809
521,20110127,1000556.487377117
522,20110128,1000556.487377117
523,20110131,1000556.487377117
524,20110201,1000556.487377117
525,20110202,1000556.487377117
526,20110203,1000556.487377117
527,20110204,1000556.487377117
528,20110207,1000556.487377117
529,20110208,1000556.487377117
530,20110209,1000556.487377117
531,20110210,1000556.487377117
532,20110211,1000556.487377117
533,20110214,1000556.487377117
534,20110215,1000556.487377117
535,20110216,1000556.487377117
536,20110217,1000556.487377117
537,20110218,1000579.9844778171
538,20110222,1000648.9219268309
539,20110223,1000754.877816894
540,20110224,1000742.8380058373
541,20110225,1000742.8380058373
542,20110228,1000742.8380058373
543,20110301,1000742.8380058373
544,20110302,1000740.0848807278
545,20110303,1000688.0296941057
546,20110304,1000684.2726657873
547,20110307,1000691.1015037417
548,20110308,1000686.9647339411
549,20110309,1000686.9647339411
550,20110310,1000686.9647339411
551,20110311,1000686.9647339411
552,20110314,1000686.9647339411
553,20110315,1000686.9647339411
554,20110316,1000686.9647339411
555,20110317,1000686.9647339411
556,20110318,1000686.9647339411
557,20110321,1000750.1281344412
558,20110322,1000736.3886282882
559,20110323,1000749.1684168677
560,20110324,1000746.2653443979
561,20110325,1000746.2653443979
562,20110328,1000746.2653443979
563,20110329,1000746.2653443979
564,20110330,1000778.4434436979
565,20110331,1000764.5764438979
566,20110401,1000702.2434448195
567,20110404,1000747.5487894323
568,20110405,1000762.8270867916
569,20110406,1000761.2943040682
570,20110407,1000761.2943040682
571,20110408,1000837.1678909974
572,20110411,1000684.7981644243
573,20110412,1000629.0903948238
574,20110413,1000623.3924689358
575,20110414,1000623.3924689358
576,20110415,1000623.3924689358
577,20110418,1000623.3924689358
578,20110419,1000623.3924689358
579,20110420,1000665.8001696358
580,20110421,1000673.5990574929
581,20110425,1000680.6798350739
582,20110426,1000668.0346469588
583,20110427,1000668.0346469588
584,20110428,1000673.3034134472
585,20110429,1000671.6267994689
586,20110502,1000565.0857279641
587,20110503,1000557.4995042887
588,20110504,1000327.5106037887
589,20110505,1000267.1814498154
590,20110506,1000265.5920723052
591,20110509,1000265.5920723052
592,20110510,1000265.5920723052
593,20110511,1000265.5920723052
594,20110512,1000257.2805592138
595,20110513,1000244.6596495196
596,20110516,1000244.6596495196
597,20110517,1000244.6596495196
598,20110518,1000244.6596495196
599,20110519,1000244.6596495196
600,20110520,1000244.6596495196
601,20110523,1000244.6596495196
602,20110524,1000250.1218466308
603,20110525,1000248.8503866933
604,20110526,1000246.4169384935
605,20110527,1000246.4169384935
606,20110531,1000246.4169384935
607,20110601,1000246.4169384935
608,20110602,1000246.4169384935
609,20110603,1000246.4169384935
610,20110606,1000246.4169384935
611,20110607,1000225.3691388934
612,20110608,1000210.3271390934
613,20110609,1000210.3271390934
614,20110610,1000210.3271390934
615,20110613,1000210.3271390934
616,20110614,1000210.3271390934
617,20110615,1000210.3271390934
618,20110616,1000210.3271390934
619,20110617,1000210.3271390934
620,20110620,1000210.3271390934
621,20110621,1000210.3271390934
622,20110622,1000211.5084614456
623,20110623,1000209.2577629397
624,20110624,1000209.2577629397
625,20110627,1000209.2577629397
626,20110628,1000209.2577629397
627,20110629,1000209.2577629397
628,20110630,1000209.2577629397
629,20110701,1000209.2577629397
630,20110705,1000209.2577629397
631,20110706,1000209.2577629397
632,20110707,1000209.2577629397
633,20110708,1000256.9069933579
634,20110711,1000249.3776757482
635,20110712,1000249.3776757482
636,20110713,1000249.3776757482
637,20110714,1000249.3776757482
638,20110715,1000282.3834125857
639,20110718,1000272.2491791146
640,20110719,1000272.2491791146
641,20110720,1000272.2491791146
642,20110721,1000272.2491791146
643,20110722,1000272.2491791146
644,20110725,1000272.2491791146
645,20110726,1000272.2491791146
646,20110727,1000272.2491791146
647,20110728,1000272.2491791146
648,20110729,1000300.5471015645
649,20110801,1000295.0352701539
650,20110802,1000295.0352701539
651,20110803,1000295.0352701539
652,20110804,1000295.0352701539
653,20110805,1000295.0352701539
654,20110808,1000295.0352701539
655,20110809,1000295.0352701539
656,20110810,1000295.0352701539
657,20110811,1000295.0352701539
658,20110812,1000295.0352701539
659,20110815,1000295.0352701539
660,20110816,1000295.0352701539
661,20110817,1000295.0352701539
662,20110818,1000295.0352701539
663,20110819,1000299.9958620929
664,20110822,1000299.5609018318
665,20110823,1000299.5609018318
666,20110824,1000299.5609018318
667,20110825,1000299.5609018318
668,20110826,1000299.5609018318
669,20110829,1000299.5609018318
670,20110830,1000299.5609018318
671,20110831,1000299.5609018318
672,20110901,1000299.5609018318
673,20110902,1000299.5609018318
674,20110906,1000299.5609018318
675,20110907,1000299.5609018318
676,20110908,1000299.5609018318
677,20110909,1000299.5609018318
678,20110912,1000299.5609018318
679,20110913,1000299.5609018318
680,20110914,1000299.5609018318
681,20110915,1000299.5609018318
682,20110916,1000361.8689241199
683,20110919,1000318.3132079471
684,20110920,1000315.8592732714
685,20110921,1000263.7687916862
686,20110922,1000259.9466378817
687,20110923,1000259.9466378817
688,20110926,1000259.9466378817
689,20110927,1000259.9466378817
690,20110928,1000215.1394989002
691,20110929,1000213.6080327427
692,20110930,1000213.6080327427
693,20111003,1000213.6080327427
694,20111004,1000213.6080327427
695,20111005,1000213.6080327427
696,20111006,1000213.6080327427
697,20111007,1000183.068238124
698,20111010,1000179.7623437579
699,20111011,1000179.7623437579
700,20111012,1000179.7623437579
701,20111013,1000179.7623437579
702,20111014,1000179.7623437579
703,20111017,1000179.7623437579
704,20111018,1000179.7623437579
705,20111019,1000172.4793738674
706,20111020,1000171.933212891
707,20111021,1000171.933212891
708,20111024,1000171.933212891
709,20111025,1000171.933212891
710,20111026,1000171.933212891
711,20111027,1000171.933212891
712,20111028,1000171.933212891
713,20111031,1000171.933212891
714,20111101,1000171.933212891
715,20111102,1000171.933212891
716,20111103,1000171.933212891
717,20111104,1000171.933212891
718,20111107,1000252.8639341732
719,20111108,1000249.2870823045
720,20111109,1000249.2870823045
721,20111110,1000249.2870823045
722,20111111,1000437.0307350272
723,20111114,1000424.7009824198
724,20111115,1000424.7009824198
725,20111116,1000424.7009824198
726,20111117,1000320.7987968998
727,20111118,1000317.0091953212
728,20111121,1000317.0091953212
729,20111122,1000317.0091953212
730,20111123,1000317.0091953212
731,20111125,1000317.0091953212
732,20111128,1000317.0091953212
733,20111129,1000317.0091953212
734,20111130,1000317.0091953212
735,20111201,1000317.0091953212
736,20111202,1000317.0091953212
737,20111205,1000317.0091953212
738,20111206,1000317.0091953212
739,20111207,1000391.6259177845
740,20111208,1000379.6085952044
741,20111209,1000379.6085952044
742,20111212,1000379.6085952044
743,20111213,1000379.6085952044
744,20111214,1000379.6085952044
745,20111215,1000379.6085952044
746,20111216,1000379.6085952044
747,20111219,1000379.6085952044
748,20111220,1000416.9079749415
749,20111221,1000416.7465578031
750,20111222,1000415.4251549919
751,20111223,1000423.5245836627
752,20111227,1000256.3101728302
753,20111228,1000137.9884515912
754,20111229,1000133.9108697672
755,20111230,1000155.7137486922
756,20120103,1000153.5040479728
757,20120104,1000153.5040479728
758,20120105,1000153.5040479728
759,20120106,1000153.5040479728
760,20120109,1000104.8595637097
761,20120110,1000305.5541245197
762,20120111,1000290.2129090887
763,20120112,1000290.2129090887
764,20120113,1000290.2129090887
765,20120117,1000290.2129090887
766,20120118,1000384.1635090887
767,20120119,1000368.0035084886
768,20120120,1000368.0035084886
769,20120123,1000368.0035084886
770,20120124,1000368.0035084886
771,20120125,1000368.0035084886
772,20120126,1000368.0035084886
773,20120127,1000368.0035084886
774,20120130,1000368.0035084886
775,20120131,1000368.0035084886
776,20120201,1000368.0035084886
777,20120202,1000399.0584916655
778,20120203,1000395.0356395532
779,20120206,1000395.0356395532
780,20120207,1000395.0356395532
781,20120208,1000395.0356395532
782,20120209,1000388.2384827475
783,20120210,1000350.4980382356
784,20120213,1000344.1982972702
785,20120214,1000344.1982972702
786,20120215,1000344.1982972702
787,20120216,1000344.1982972702
788,20120217,1000344.1982972702
789,20120221,1000344.1982972702
790,20120222,1000344.1982972702
791,20120223,1000344.1982972702
792,20120224,1000334.1151100209
793,20120227,1000332.3118111631
794,20120228,1000332.3118111631
795,20120229,1000332.3118111631
796,20120301,1000376.6770920034
797,20120302,1000373.2482114814
798,20120305,1000373.2482114814
799,20120306,1000373.2482114814
800,20120307,1000373.2482114814
801,20120308,1000373.2482114814
802,20120309,1000373.2482114814
803,20120312,1000373.2482114814
804,20120313,1000373.2482114814
805,20120314,1000373.2482114814
806,20120315,1000373.2482114814
807,20120316,1000373.2482114814
808,20120319,1000373.9069221368
809,20120320,1000373.0798293294
810,20120321,1000373.0798293294
811,20120322,1000373.0798293294
812,20120323,1000373.0798293294
813,20120326,1000373.0798293294
814,20120327,1000373.0798293294
815,20120328,1000373.0798293294
816,20120329,1000373.0798293294
817,20120330,1000373.0798293294
818,20120402,1000373.0798293294
819,20120403,1000373.0798293294
820,20120404,1000373.0798293294
821,20120405,1000373.0798293294
822,20120409,1000373.0798293294
823,20120410,1000373.0798293294
824,20120411,1000373.0798293294
825,20120412,1000373.0798293294
826,20120413,1000373.0798293294
827,20120416,1000373.0798293294
828,20120417,1000373.0798293294
829,20120418,1000373.0798293294
830,20120419,1000373.0798293294
831,20120420,1000371.0656282019
832,20120423,1000364.5646029282
833,20120424,1000364.5646029282
834,20120425,1000364.5646029282
835,20120426,1000364.5646029282
836,20120427,1000364.5646029282
837,20120430,1000364.5646029282
838,20120501,1000364.5646029282
839,20120502,1000364.5646029282
840,20120503,1000364.5646029282
841,20120504,1000364.5646029282
842,20120507,1000364.5646029282
843,20120508,1000364.5646029282
844,20120509,1000364.5646029282
845,20120510,1000364.5646029282
846,20120511,1000325.3386944071
847,20120514,1000320.9251273336
848,20120515,1000212.1900224421
849,20120516,1000202.8396849516
850,20120517,1000202.8396849516
851,20120518,1000362.5596846516
852,20120521,1000347.1046843516
853,20120522,1000347.1046843516
854,20120523,1000347.1046843516
855,20120524,1000345.439864025
856,20120525,1000344.7427877309
857,20120529,1000344.7427877309
858,20120530,1000344.7427877309
859,20120531,1000328.683656724
860,20120601,1000323.1738566456
861,20120604,1000323.1738566456
862,20120605,1000323.1738566456
863,20120606,1000323.1738566456
864,20120607,1000323.1738566456
865,20120608,1000323.1738566456
866,20120611,1000323.1738566456
867,20120612,1000335.2748092255
868,20120613,1000333.2705503524
869,20120614,1000333.2705503524
870,20120615,1000331.3410945431
871,20120618,1000326.8462263843
872,20120619,1000270.2296035656
873,20120620,1000260.6405459694
874,20120621,1000260.6405459694
875,20120622,1000260.6405459694
876,20120625,1000260.6405459694
877,20120626,1000260.6405459694
878,20120627,1000260.6405459694
879,20120628,1000260.6405459694
880,20120629,1000260.6405459694
881,20120702,1000260.6405459694
882,20120703,1000260.6405459694
883,20120705,1000260.6405459694
884,20120706,1000260.6405459694
885,20120709,1000260.6405459694
886,20120710,1000260.6405459694
887,20120711,1000260.6405459694
888,20120712,1000260.6405459694
889,20120713,1000260.6405459694
890,20120716,1000260.6405459694
891,20120717,1000260.6405459694
892,20120718,1000260.6405459694
893,20120719,1000260.6405459694
894,20120720,1000260.6405459694
895,20120723,1000260.6405459694
896,20120724,1000260.6405459694
897,20120725,1000262.7487582383
898,20120726,1000262.5843757318
899,20120727,1000262.5843757318
900,20120730,1000262.5843757318
901,20120731,1000262.5843757318
902,20120801,1000262.5843757318
903,20120802,1000262.5843757318
904,20120803,1000262.5843757318
905,20120806,1000262.5843757318
906,20120807,1000261.045976287
907,20120808,1000267.1628169881
908,20120809,1000255.965071206
909,20120810,1000254.5952024995
910,20120813,1000254.5952024995
911,20120814,1000254.5952024995
912,20120815,1000255.6510128052
913,20120816,1000255.1745556894
914,20120817,1000255.1745556894
915,20120820,1000255.1745556894
916,20120821,1000255.1745556894
917,20120822,1000255.1745556894
918,20120823,1000255.1745556894
919,20120824,1000255.1745556894
920,20120827,1000230.8788919165
921,20120828,1000248.4586502049
922,20120829,1000226.6516772576
923,20120830,1000225.7886273244
924,20120831,1000225.7886273244
925,20120904,1000225.7886273244
926,20120905,1000225.7886273244
927,20120906,1000225.7886273244
928,20120907,1000229.7139721432
929,20120910,1000229.51865072
930,20120911,1000229.51865072
931,20120912,1000229.51865072
932,20120913,1000229.51865072
933,20120914,1000229.51865072
934,20120917,1000229.51865072
935,20120918,1000229.51865072
936,20120919,1000225.9276895168
937,20120920,1000221.8627807997
938,20120921,1000235.0853456768
939,20120924,1000121.6628582494
940,20120925,1000096.1823928052
941,20120926,1000086.1182662845
942,20120927,1000270.60000473
943,20120928,1000237.7710585771
944,20121001,1000225.7869397658
945,20121002,1000225.7869397658
946,20121003,1000233.1069479703
947,20121004,1000242.9704249746
948,20121005,1000238.1757073661
949,20121008,1000237.6705202439
950,20121009,1000237.6705202439
951,20121010,1000237.6705202439
952,20121011,1000237.6705202439
953,20121012,1000237.6705202439
954,20121015,1000237.6705202439
955,20121016,1000237.6705202439
956,20121017,1000237.6705202439
957,20121018,1000237.6705202439
958,20121019,1000237.6705202439
959,20121022,1000237.6705202439
960,20121023,1000237.6705202439
961,20121024,1000237.6705202439
962,20121025,1000237.6705202439
963,20121026,1000237.6705202439
964,20121031,1000237.6705202439
965,20121101,1000237.6705202439
966,20121102,1000237.6705202439
967,20121105,1000237.6705202439
968,20121106,1000237.6705202439
969,20121107,1000237.6705202439
970,20121108,1000237.6705202439
971,20121109,1000237.6705202439
972,20121112,1000224.3425927224
973,20121113,1000220.1930261409
974,20121114,1000220.1930261409
975,20121115,1000220.1930261409
976,20121116,1000220.1930261409
977,20121119,1000220.1930261409
978,20121120,1000220.1930261409
979,20121121,1000220.1930261409
980,20121123,1000220.1930261409
981,20121126,1000220.1930261409
982,20121127,1000220.1930261409
983,20121128,999987.3216254408
984,20121129,999970.6666251409
985,20121130,999970.6666251409
986,20121203,999970.6666251409
987,20121204,999970.6666251409
988,20121205,999970.6666251409
989,20121206,999970.6666251409
990,20121207,999970.6666251409
991,20121210,999970.6666251409
992,20121211,999970.6666251409
993,20121212,999970.6666251409
994,20121213,999970.6666251409
995,20121214,999970.6666251409
996,20121217,999970.6666251409
997,20121218,999970.6666251409
998,20121219,999970.6666251409
999,20121220,999970.6666251409
1000,20121221,999970.6666251409
1001,20121224,999970.6666251409
1002,20121226,999970.6666251409
1003,20121227,999970.6666251409
1004,20121228,999970.6666251409
1005,20121231,999970.6666251409
1006,20130102,999970.6666251409
1007,20130103,999970.6666251409
1008,20130104,999970.6666251409
1009,20130107,999970.6666251409
1010,20130108,999970.6666251409
1011,20130109,999970.6666251409
1012,20130110,999970.6666251409
1013,20130111,999970.6666251409
1014,20130114,999985.939390481
1015,20130115,999978.2037628746
1016,20130116,999978.2037628746
1017,20130117,999998.9267117737
1018,20130118,999992.6272455122
1019,20130122,999992.6272455122
1020,20130123,999992.6272455122
1021,20130124,999992.6272455122
1022,20130125,999992.6272455122
1023,20130128,999992.6272455122
1024,20130129,999992.6272455122
1025,20130130,999992.6272455122
1026,20130131,999992.6272455122
1027,20130201,999992.6272455122
1028,20130204,999992.6272455122
1029,20130205,999992.6272455122
1030,20130206,999992.6272455122
1031,20130207,999992.6272455122
1032,20130208,999992.6272455122
1033,20130211,999992.6272455122
1034,20130212,999992.6272455122
1035,20130213,999980.6218966082
1036,20130214,999978.7122281248
1037,20130215,999978.7122281248
1038,20130219,999978.7122281248
1039,20130220,999978.7122281248
1040,20130221,999978.7122281248
1041,20130222,999986.9905012766
1042,20130225,999980.5750137535
1043,20130226,999980.5750137535
1044,20130227,999954.0909300214
1045,20130228,999866.8360887928
1046,20130301,999858.8939943685
1047,20130304,999829.6500941685
1048,20130305,999835.1236918223
1049,20130306,999973.609400911
1050,20130307,999921.006521042
1051,20130308,999910.4651724476
1052,20130311,999910.4651724476
1053,20130312,999910.4651724476
1054,20130313,999910.4651724476
1055,20130314,999908.4550332293
1056,20130315,999906.1439996337
1057,20130318,999906.1439996337
1058,20130319,999958.487667053
1059,20130320,999943.4866667344
1060,20130321,999943.4866667344
1061,20130322,999943.4866667344
1062,20130325,999943.4866667344
1063,20130326,999943.4866667344
1064,20130327,999943.4866667344
1065,20130328,999943.4866667344
1066,20130401,999943.4866667344
1067,20130402,999943.4866667344
1068,20130403,999943.4866667344
1069,20130404,999943.4866667344
1070,20130405,999980.701390985
1071,20130408,999978.3016163617
1072,20130409,999978.3016163617
1073,20130410,999978.3016163617
1074,20130411,999978.3016163617
1075,20130412,999978.3016163617
1076,20130415,999978.3016163617
1077,20130416,999978.3016163617
1078,20130417,999978.3016163617
1079,20130418,999978.3016163617
1080,20130419,999978.3016163617
1081,20130422,1000116.8193152287
1082,20130423,1000108.4944521304
1083,20130424,1000108.4944521304
1084,20130425,1000108.4944521304
1085,20130426,1000108.4944521304
1086,20130429,1000108.4944521304
1087,20130430,1000108.4944521304
1088,20130501,1000108.4944521304
1089,20130502,1000108.4944521304
1090,20130503,1000111.1514798091
1091,20130506,1000097.7928472167
1092,20130507,1000097.7313864753
1093,20130508,1000097.7313864753
1094,20130509,1000097.7313864753
1095,20130510,1000097.7313864753
1096,20130513,1000097.7313864753
1097,20130514,1000097.7313864753
1098,20130515,1000097.7313864753
1099,20130516,1000097.7313864753
1100,20130517,1000097.7313864753
1101,20130520,1000097.7313864753
1102,20130521,999878.0772558626
1103,20130522,999865.7882915471
1104,20130523,999865.7882915471
1105,20130524,999865.7882915471
1106,20130528,999865.7882915471
1107,20130529,999865.7882915471
1108,20130530,999865.7882915471
1109,20130531,999691.4138875095
1110,20130603,999683.407500884
1111,20130604,999683.407500884
1112,20130605,999683.407500884
1113,20130606,999683.407500884
1114,20130607,999683.407500884
1115,20130610,999683.407500884
1116,20130611,999683.407500884
1117,20130612,999701.7528490052
1118,20130613,999698.9113572425
1119,20130614,999754.5361567425
1120,20130617,999712.3111693509
1121,20130618,999704.98531895
1122,20130619,999704.98531895
1123,20130620,999704.98531895
1124,20130621,999704.98531895
1125,20130624,999704.98531895
1126,20130625,999704.98531895
1127,20130626,999704.98531895
1128,20130627,999703.2863940421
1129,20130628,999703.2062674505
1130,20130701,999703.2062674505
1131,20130702,999698.3876075885
1132,20130703,999697.905991925
1133,20130705,999697.905991925
1134,20130708,999697.905991925
1135,20130709,999697.905991925
1136,20130710,999714.5510984922
1137,20130711,999704.93564663
1138,20130712,999704.93564663
1139,20130715,999704.93564663
1140,20130716,999704.93564663
1141,20130717,999704.93564663
1142,20130718,999704.93564663
1143,20130719,999704.93564663
1144,20130722,999704.93564663
1145,20130723,999716.7403691333
1146,20130724,999714.6744617647
1147,20130725,999714.6744617647
1148,20130726,999714.6744617647
1149,20130729,999714.6744617647
1150,20130730,999714.6744617647
1151,20130731,999714.6744617647
1152,20130801,999714.6744617647
1153,20130802,999714.6744617647
1154,20130805,999714.6744617647
1155,20130806,999714.6744617647
1156,20130807,999720.1432325258
1157,20130808,999745.4840691658
1158,20130809,999743.8073940439
1159,20130812,999743.8073940439
1160,20130813,999743.8073940439
1161,20130814,999743.8073940439
1162,20130815,999743.8073940439
1163,20130816,999743.8073940439
1164,20130819,999743.8073940439
1165,20130820,999743.8073940439
1166,20130821,999743.8073940439
1167,20130822,999743.8073940439
1168,20130823,999743.8073940439
1169,20130826,999743.8073940439
1170,20130827,999747.9315675411
1171,20130828,999747.4472780976
1172,20130829,999747.4472780976
1173,20130830,999747.4472780976
1174,20130903,999908.6626601726
1175,20130904,999870.323731937
1176,20130905,999666.6387184509
1177,20130906,999656.1546238721
1178,20130909,999656.1546238721
1179,20130910,999656.1546238721
1180,20130911,999656.1546238721
1181,20130912,999239.9847241722
1182,20130913,999227.2177243722
1183,20130916,999227.2177243722
1184,20130917,999222.9845089493
1185,20130918,999215.9796327343
1186,20130919,999215.9796327343
1187,20130920,999215.9796327343
1188,20130923,999193.5857982999
1189,20130924,999188.2761936954
1190,20130925,999188.2761936954
1191,20130926,999179.1474345742
1192,20130927,999178.11396297
1193,20130930,999178.11396297
1194,20131001,999178.11396297
1195,20131002,999412.65516337
1196,20131003,999399.94916357
1197,20131004,999399.94916357
1198,20131007,999399.94916357
1199,20131008,999390.1943064327
1200,20131009,999355.1466086897
1201,20131010,999351.727554784
1202,20131011,999351.727554784
1203,20131014,999351.727554784
1204,20131015,999351.727554784
1205,20131016,999351.727554784
1206,20131017,999351.727554784
1207,20131018,999351.727554784
1208,20131021,999351.727554784
1209,20131022,999351.727554784
1210,20131023,999351.727554784
1211,20131024,999351.727554784
1212,20131025,999380.5605164296
1213,20131028,999371.8150278588
1214,20131029,999371.8150278588
1215,20131030,999371.8150278588
1216,20131031,999233.2759410933
1217,20131101,999224.3812328831
1218,20131104,999224.3812328831
1219,20131105,999224.3812328831
1220,20131106,999224.3812328831
1221,20131107,999153.0872747791
1222,20131108,998952.2611787645
1223,20131111,998912.9698501353
1224,20131112,998717.0924922276
1225,20131113,998718.5593935675
1226,20131114,998714.3481365573
1227,20131115,998710.7026597686
1228,20131118,998704.6002765746
1229,20131119,998704.6002765746
1230,20131120,998704.6002765746
1231,20131121,998704.6002765746
1232,20131122,998695.1515633881
1233,20131125,998712.0780887206
1234,20131126,998707.5104176389
1235,20131127,998707.5104176389
1236,20131129,998707.5104176389
1237,20131202,998707.5104176389
1238,20131203,998707.5104176389
1239,20131204,998707.5104176389
1240,20131205,998707.5104176389
1241,20131206,998707.5104176389
1242,20131209,998707.5104176389
1243,20131210,998905.5383175389
1244,20131211,998877.6722370415
1245,20131212,998875.4106938812
1246,20131213,998875.4106938812
1247,20131216,998875.4106938812
1248,20131217,998875.4106938812
1249,20131218,998875.4106938812
1250,20131219,998875.4106938812
1251,20131220,998875.4106938812
1252,20131223,998875.4106938812
1253,20131224,998875.4106938812
1254,20131226,998875.4106938812
1255,20131227,998875.4106938812
1256,20131230,998875.4106938812
1257,20131231,998875.4106938812
1258,20140102,998875.4106938812
1259,20140103,998875.8986918534
1260,20140106,998875.8490218628
1261,20140107,998804.3223062637
1262,20140108,998782.9943401804
1263,20140109,998780.8200866343
1264,20140110,998811.5992949154
1265,20140113,998809.3980383034
1266,20140114,998809.3980383034
1267,20140115,998809.3980383034
1268,20140116,998809.3980383034
1269,20140117,998809.3980383034
1270,20140121,998809.3980383034
1271,20140122,998809.3980383034
1272,20140123,998809.3980383034
1273,20140124,998809.3980383034
1274,20140127,998809.3980383034
1275,20140128,998809.3980383034
1276,20140129,998809.3980383034
1277,20140130,998809.3980383034
1278,20140131,998809.3980383034
1279,20140203,998809.3980383034
1280,20140204,998790.7922895419
1281,20140205,998785.804477059
1282,20140206,998785.804477059
1283,20140207,998785.804477059
1284,20140210,998785.804477059
1285,20140211,998785.804477059
1286,20140212,998785.804477059
1287,20140213,998785.804477059
1288,20140214,998785.804477059
1289,20140218,998785.804477059
1290,20140219,998785.804477059
1291,20140220,998785.804477059
1292,20140221,998775.707495103
1293,20140224,998766.9797992603
1294,20140225,998766.9797992603
1295,20140226,998766.9797992603
1296,20140227,998766.9797992603
1297,20140228,998766.9797992603
1298,20140303,998766.9797992603
1299,20140304,998741.622418643
1300,20140305,998739.747450923
1301,20140306,998769.6056623673
1302,20140307,998766.2292285798
1303,20140310,998764.271401975
1304,20140311,998794.9320693688
1305,20140312,999003.9587852149
1306,20140313,998998.6889556441
1307,20140314,998996.4524356398
1308,20140317,998996.4524356398
1309,20140318,998996.4524356398
1310,20140319,998996.4524356398
1311,20140320,998996.4524356398
1312,20140321,998996.4524356398
1313,20140324,998996.4524356398
1314,20140325,998996.4524356398
1315,20140326,998996.4524356398
1316,20140327,998996.4524356398
1317,20140328,998996.4524356398
1318,20140331,998888.9967358398
1319,20140401,998875.4933164059
1320,20140402,998874.0309219965
1321,20140403,998874.0309219965
1322,20140404,998874.0309219965
1323,20140407,998874.0309219965
1324,20140408,998874.0309219965
1325,20140409,998874.0309219965
1326,20140410,998874.0309219965
1327,20140411,998874.0309219965
1328,20140414,998878.3500074631
1329,20140415,998877.653730387
1330,20140416,998877.653730387
1331,20140417,998803.9788526896
1332,20140421,998793.9400439605
1333,20140422,998793.9400439605
1334,20140423,998792.56424429
1335,20140424,998791.3799869252
1336,20140425,998791.3799869252
1337,20140428,998783.0658586002
1338,20140429,998768.3321215187
1339,20140430,998747.968149617
1340,20140501,998746.4390845152
1341,20140502,998746.4390845152
1342,20140505,998746.4390845152
1343,20140506,998746.4390845152
1344,20140507,998746.4390845152
1345,20140508,998746.4390845152
1346,20140509,998746.4390845152
1347,20140512,998746.4390845152
1348,20140513,998746.4390845152
1349,20140514,998746.4390845152
1350,20140515,998713.1684407863
1351,20140516,998709.6076765412
1352,20140519,998709.6076765412
1353,20140520,998709.6076765412
1354,20140521,998709.6076765412
1355,20140522,998712.2377630249
1356,20140523,998710.1306042194
1357,20140527,998710.1306042194
1358,20140528,998710.1306042194
1359,20140529,998710.1306042194
1360,20140530,998710.1306042194
1361,20140602,998710.1306042194
1362,20140603,998710.1306042194
1363,20140604,998710.1306042194
1364,20140605,998710.1306042194
1365,20140606,998710.1306042194
1366,20140609,998710.1306042194
1367,20140610,998710.1306042194
1368,20140611,998710.1306042194
1369,20140612,998710.1306042194
1370,20140613,998710.1306042194
1371,20140616,998670.380679773
1372,20140617,998663.0406014298
1373,20140618,998663.0406014298
1374,20140619,998663.0406014298
1375,20140620,998663.0406014298
1376,20140623,998663.0406014298
1377,20140624,998663.3561016297
1378,20140625,998650.6581013297
1379,20140626,998650.6581013297
1380,20140627,998650.6581013297
1381,20140630,998650.6581013297
1382,20140701,998650.6581013297
1383,20140702,998650.6581013297
1384,20140703,998612.2386050319
1385,20140707,998604.921734367
1386,20140708,998604.921734367
1387,20140709,998604.921734367
1388,20140710,998604.921734367
1389,20140711,998604.921734367
1390,20140714,998604.921734367
1391,20140715,998604.921734367
1392,20140716,998604.921734367
1393,20140717,998604.921734367
1394,20140718,998604.921734367
1395,20140721,998607.8706244883
1396,20140722,998603.4284259072
1397,20140723,998599.7175618238
1398,20140724,998597.8205639966
1399,20140725,998597.8205639966
1400,20140728,998564.2416638966
1401,20140729,998541.0081938592
1402,20140730,998535.7549019182
1403,20140731,998535.7549019182
1404,20140801,998535.7549019182
1405,20140804,998535.7549019182
1406,20140805,998535.7549019182
1407,20140806,998535.7549019182
1408,20140807,998535.7549019182
1409,20140808,998535.7549019182
1410,20140811,998535.7549019182
1411,20140812,998526.1588020183
1412,20140813,998513.5598022182
1413,20140814,998513.5598022182
1414,20140815,998513.5598022182
1415,20140818,998513.5598022182
1416,20140819,998513.5598022182
1417,20140820,998513.5598022182
1418,20140821,998513.5598022182
1419,20140822,998513.5598022182
1420,20140825,998513.5598022182
1421,20140826,998513.5598022182
1422,20140827,998498.2250024183
1423,20140828,998485.8930024182
1424,20140829,998485.8930024182
1425,20140902,998485.8930024182
1426,20140903,998485.8930024182
1427,20140904,998406.6781022182
1428,20140905,998394.5301019183
1429,20140908,998361.442724724
1430,20140909,998358.6917000358
1431,20140910,998358.6917000358
1432,20140911,998358.6917000358
1433,20140912,998358.6917000358
1434,20140915,998358.6917000358
1435,20140916,998358.6917000358
1436,20140917,998358.6917000358
1437,20140918,998358.6917000358
1438,20140919,998358.6917000358
1439,20140922,998358.6917000358
1440,20140923,998358.6917000358
1441,20140924,998358.6917000358
1442,20140925,998358.6917000358
1443,20140926,998358.6917000358
1444,20140929,998358.6917000358
1445,20140930,998358.6917000358
1446,20141001,998358.6917000358
1447,20141002,998358.6917000358
1448,20141003,998358.6917000358
1449,20141006,998358.6917000358
1450,20141007,998358.6917000358
1451,20141008,998358.6917000358
1452,20141009,998358.6917000358
1453,20141010,998358.6917000358
1454,20141013,998358.6917000358
1455,20141014,998358.6917000358
1456,20141015,998358.6917000358
1457,20141016,998358.6917000358
1458,20141017,998350.1823688071
1459,20141020,998384.7161819958
1460,20141021,998404.8068370929
1461,20141022,998274.6595495885
1462,20141023,998193.3947477738
1463,20141024,998183.373898394
1464,20141027,998163.2300888243
1465,20141028,998157.7467412688
1466,20141029,998157.4923066483
1467,20141030,998062.8419501449
1468,20141031,998054.6837064878
1469,20141103,998054.6837064878
1470,20141104,998054.6837064878
1471,20141105,998054.6837064878
1472,20141106,998054.6837064878
1473,20141107,998054.6837064878
1474,20141110,998054.6837064878
1475,20141111,998054.6837064878
1476,20141112,998006.8300646202
1477,20141113,997998.6470192902
1478,20141114,997998.6470192902
1479,20141117,997998.6470192902
1480,20141118,997998.6470192902
1481,20141119,997998.6470192902
1482,20141120,997998.6470192902
1483,20141121,997998.6470192902
1484,20141124,997998.6470192902
1485,20141125,998008.3916123839
1486,20141126,997984.7553273966
1487,20141128,997726.8678733822
1488,20141201,997717.4219138883
1489,20141202,997564.6470307395
1490,20141203,997581.158900538
1491,20141204,997578.6799093669
1492,20141205,997578.6799093669
1493,20141208,997578.6799093669
1494,20141209,997808.1022094669
1495,20141210,997786.561790379
1496,20141211,997757.1261768632
1497,20141212,997744.7106743612
1498,20141215,997744.4395801468
1499,20141216,997744.4395801468
1500,20141217,997744.4395801468
1501,20141218,997744.4395801468
1502,20141219,997710.8308663869
1503,20141222,997703.0408370792
1504,20141223,997703.0408370792
1505,20141224,997703.0408370792
1506,20141226,997703.0408370792
1507,20141229,997703.0408370792
1508,20141230,997703.0408370792
1509,20141231,997529.5213373792
1510,20150102,997518.1633371792
1511,20150105,997518.1633371792
1512,20150106,997518.1633371792
1513,20150107,997488.4590591127
1514,20150108,997484.174124744
1515,20150109,997568.9412640741
1516,20150112,997560.6860318233
1517,20150113,997560.6860318233
1518,20150114,997560.6860318233
1519,20150115,997560.6860318233
1520,20150116,997560.6860318233
1521,20150120,997560.6860318233
1522,20150121,997560.6860318233
1523,20150122,997560.6860318233
1524,20150123,997539.3657768618
1525,20150126,997432.9482534803
1526,20150127,997423.1421788913
1527,20150128,997423.1421788913
1528,20150129,997423.1421788913
1529,20150130,997423.1421788913
1530,20150202,997319.5151020086
1531,20150203,997212.0434949166
1532,20150204,997204.2766413273
1533,20150205,997203.9790117488
1534,20150206,997203.9790117488
1535,20150209,997203.9790117488
1536,20150210,997203.9790117488
1537,20150211,997203.9790117488
1538,20150212,997203.9790117488
1539,20150213,997203.9790117488
1540,20150217,997061.4998282035
1541,20150218,997085.358101589
1542,20150219,997076.6906627117
1543,20150220,997076.6906627117
1544,20150223,997076.6906627117
1545,20150224,997076.6906627117
1546,20150225,997076.6906627117
1547,20150226,997076.6906627117
1548,20150227,997076.2142431826
1549,20150302,997065.9995639735
1550,20150303,997063.6055330642
1551,20150304,997063.6055330642
1552,20150305,997063.6055330642
1553,20150306,997063.6055330642
1554,20150309,997063.6055330642
1555,20150310,997055.0675841137
1556,20150311,996968.2843310938
1557,20150312,996959.4358521171
1558,20150313,996954.6208949073
1559,20150316,996954.5404362306
1560,20150317,996954.5404362306
1561,20150318,996954.5404362306
1562,20150319,996954.5404362306
1563,20150320,996954.5404362306
1564,20150323,996954.5404362306
1565,20150324,996954.5404362306
1566,20150325,996954.5404362306
1567,20150326,996954.5404362306
1568,20150327,996954.5404362306
1569,20150330,996954.5404362306
1570,20150331,996954.5404362306
1571,20150401,996954.5404362306
1572,20150402,996954.5404362306
1573,20150406,996954.5404362306
1574,20150407,996895.5869360536
1575,20150408,996885.761789834
1576,20150409,996873.7045807939
1577,20150410,996872.1943231075
1578,20150413,996815.828975631
1579,20150414,996808.9684067714
1580,20150415,996808.9684067714
1581,20150416,996797.5431290573
1582,20150417,996794.9933218395
1583,20150420,996794.9933218395
1584,20150421,996815.4660347934
1585,20150422,996811.1340239154
1586,20150423,996811.1340239154
1587,20150424,996811.1340239154
1588,20150427,996811.1340239154
1589,20150428,996811.1340239154
1590,20150429,996811.1340239154
1591,20150430,996719.509068232
1592,20150501,996714.6857647075
1593,20150504,996714.6857647075
1594,20150505,996714.6857647075
1595,20150506,996714.6857647075
1596,20150507,996714.6857647075
1597,20150508,996714.6857647075
1598,20150511,996677.3863724069
1599,20150512,996678.2423867632
1600,20150513,996677.344157273
1601,20150514,996683.4739199711
1602,20150515,996696.5646384428
1603,20150518,996693.3129559449
1604,20150519,996690.4161894922
1605,20150520,996690.4161894922
1606,20150521,996690.4161894922
1607,20150522,996679.5347332278
1608,20150526,996673.4193564537
1609,20150527,996673.4193564537
1610,20150528,996673.4193564537
1611,20150529,996673.4193564537
1612,20150601,996673.4193564537
1613,20150602,996673.4193564537
1614,20150603,996673.4193564537
1615,20150604,996673.4193564537
1616,20150605,996673.4193564537
1617,20150608,996673.4193564537
1618,20150609,996686.160725445
1619,20150610,996675.7009914014
1620,20150611,996675.7009914014
1621,20150612,996675.7009914014
1622,20150615,996675.7009914014
1623,20150616,996675.7009914014
1624,20150617,996684.6787727455
1625,20150618,996682.2257505364
1626,20150619,996682.2257505364
1627,20150622,996682.2257505364
1628,20150623,996670.0179288018
1629,20150624,996633.6028562884
1630,20150625,996623.2378543881
1631,20150626,996623.2378543881
1632,20150629,996623.2378543881
1633,20150630,996623.2378543881
1634,20150701,996623.2378543881
1635,20150702,996623.2378543881
1636,20150706,996630.6610561179
1637,20150707,996626.2419015468
1638,20150708,996626.2419015468
1639,20150709,996626.2419015468
1640,20150710,996626.2419015468
1641,20150713,996626.2419015468
1642,20150714,996626.2419015468
1643,20150715,996626.2419015468
1644,20150716,996626.2419015468
1645,20150717,996626.2419015468
1646,20150720,996626.2419015468
1647,20150721,996626.2419015468
1648,20150722,996626.2419015468
1649,20150723,996626.2419015468
1650,20150724,996626.2419015468
1651,20150727,996626.2419015468
1652,20150728,996626.3415995712
1653,20150729,996629.5302367365
1654,20150730,996580.5193171843
1655,20150731,996607.9498228777
1656,20150803,996603.4273318071
1657,20150804,996603.4273318071
1658,20150805,996603.4273318071
1659,20150806,996603.4273318071
1660,20150807,996604.5341631426
1661,20150810,996603.7898172284
1662,20150811,996603.7898172284
1663,20150812,996603.7898172284
1664,20150813,996603.7898172284
1665,20150814,996603.7898172284
1666,20150817,996603.7898172284
1667,20150818,996603.7898172284
1668,20150819,996603.7898172284
1669,20150820,996603.7898172284
1670,20150821,996620.3786803451
1671,20150824,996611.5646662948
1672,20150825,996584.0606507033
1673,20150826,996533.14405888
1674,20150827,996532.8190379549
1675,20150828,996530.7335109381
1676,20150831,996530.7335109381
1677,20150901,996530.7335109381
1678,20150902,996468.984001372
1679,20150903,996459.2520072694
1680,20150904,996459.2520072694
1681,20150908,996459.2520072694
1682,20150909,996459.2520072694
1683,20150910,996459.2520072694
1684,20150911,996459.2520072694
1685,20150914,996459.2520072694
1686,20150915,996459.2520072694
1687,20150916,996459.2520072694
1688,20150917,996459.2520072694
1689,20150918,996459.2520072694
1690,20150921,996459.2520072694
1691,20150922,996432.9521757842
1692,20150923,996478.500876776
1693,20150924,996538.036647595
1694,20150925,996534.6120483695
1695,20150928,996442.8193500289
1696,20150929,996436.183733395
1697,20150930,996436.183733395
1698,20151001,996436.183733395
1699,20151002,996543.3995719324
1700,20151005,996532.5658541156
1701,20151006,996527.2681395862
1702,20151007,996527.2681395862
1703,20151008,996527.2681395862
1704,20151009,996527.2681395862
1705,20151012,996527.2681395862
1706,20151013,996527.2681395862
1707,20151014,996527.2681395862
1708,20151015,996527.2681395862
1709,20151016,996512.932318247
1710,20151019,996511.1665798564
1711,20151020,996511.1665798564
1712,20151021,996511.1665798564
1713,20151022,996511.1665798564
1714,20151023,996511.1665798564
1715,20151026,996511.1665798564
1716,20151027,996511.1665798564
1717,20151028,996511.1665798564
1718,20151029,996511.1665798564
1719,20151030,996475.1894678696
1720,20151102,996467.7660870507
1721,20151103,996467.7660870507
1722,20151104,996467.7660870507
1723,20151105,996467.7660870507
1724,20151106,996467.7660870507
1725,20151109,996467.7660870507
1726,20151110,996467.7660870507
1727,20151111,996467.7660870507
1728,20151112,996467.7660870507
1729,20151113,996467.7660870507
1730,20151116,996467.7660870507
1731,20151117,996467.7660870507
1732,20151118,996467.7660870507
1733,20151119,996467.7660870507
1734,20151120,996459.7249795005
1735,20151123,996458.2796993946
1736,20151124,996458.2796993946
1737,20151125,996458.2796993946
1738,20151127,996327.0337994946
1739,20151130,996316.9087994946
1740,20151201,996316.9087994946
1741,20151202,996316.9087994946
1742,20151203,996316.9087994946
1743,20151204,996316.9087994946
1744,20151207,996316.9087994946
1745,20151208,996316.9087994946
1746,20151209,996294.6727841975
1747,20151210,996287.1363714804
1748,20151211,996287.1363714804
1749,20151214,996144.8253713803
1750,20151215,996134.6463712803
1751,20151216,996134.6463712803
1752,20151217,996134.6463712803
1753,20151218,996278.5964712802
1754,20151221,996371.8659694399
1755,20151222,996345.9019722261
1756,20151223,996331.8276763787
1757,20151224,996327.2270641087
1758,20151228,996238.9214638087
1759,20151229,996231.2220013832
1760,20151230,996217.8349963898
