,date,rewards
0,20090105,0.0
1,20090106,32.590240998077206
2,20090107,-23.621289666509256
3,20090108,5.194987586583011
4,20090109,-86.06172319455072
5,20090112,10.187399995047599
6,20090113,-53.226880629663356
7,20090114,-34.77083587937523
8,20090115,21.611642827279866
9,20090116,54.537806791835465
10,20090120,-123.01563621929381
11,20090121,63.31096790533047
12,20090122,508.85309977422
13,20090123,-496.6242032306036
14,20090126,-37.646151179564185
15,20090127,-201.69773694395553
16,20090128,110.73273338959552
17,20090129,-137.62044797628187
18,20090130,-72.40729713800829
19,20090202,-85.52167665993329
20,20090203,22.43120605230797
21,20090204,-75.14302089449484
22,20090205,122.17084474442527
23,20090206,181.39951592020225
24,20090209,-73.05043405212928
25,20090210,9.881113751209341
26,20090211,-0.15399057953618467
27,20090212,76.71691125119105
28,20090213,-24.53170196292922
29,20090217,-239.62275118473917
30,20090218,-207.40521812369116
31,20090219,-7.647526643238962
32,20090220,-127.8552976299543
33,20090223,-56.298924720147625
34,20090224,111.48587861075066
35,20090225,-402.67016024375334
36,20090226,36.270208489033394
37,20090227,-172.9482428721385
38,20090302,-312.8266013552202
39,20090303,-220.58929824910592
40,20090304,-8.999826282379217
41,20090305,-191.83491519279778
42,20090306,97.87257840891834
43,20090309,29.843099370831624
44,20090310,213.99112195835914
45,20090311,-7.2438430150505155
46,20090312,111.50749433471356
47,20090313,91.46808847982902
48,20090316,-123.53881876252126
49,20090317,164.85837671440095
50,20090318,26.952351468615234
51,20090319,-58.660231873975135
52,20090320,-85.45101431431249
53,20090323,260.9466831270838
54,20090324,-77.55553108057939
55,20090325,124.9361909389263
56,20090326,180.0391133518424
57,20090327,-136.11820811463986
58,20090330,-32.08458324277308
59,20090331,98.25160653342027
60,20090401,68.39157228788827
61,20090402,371.0746749819955
62,20090403,-125.98185140220448
63,20090406,272.13313897897024
64,20090407,-390.5467835405143
65,20090408,159.0205973398406
66,20090409,231.9073408471886
67,20090413,-16.95430864894297
68,20090414,-44.24131043849047
69,20090415,192.704117908841
70,20090416,-332.2406729533104
71,20090417,58.94860612647608
72,20090420,-130.5573499907041
73,20090421,360.5751549520064
74,20090422,-47.860970018664375
75,20090423,-28.43318803294096
76,20090424,104.20244007429574
77,20090427,-530.1256102338666
78,20090428,58.036050972063094
79,20090429,221.53742782888003
80,20090430,-205.9223821911728
81,20090501,70.24331031518523
82,20090504,311.3714584313566
83,20090505,62.6711304691853
84,20090506,68.9913356200559
85,20090507,-290.9708493577782
86,20090508,131.73485134600196
87,20090511,-181.59890500921756
88,20090512,-30.640025089029223
89,20090513,-249.70669103541877
90,20090514,54.49941449484322
91,20090515,-71.66252644336782
92,20090518,268.78691918065306
93,20090519,-48.046875078231096
94,20090520,-186.5214222734794
95,20090521,-227.39835980313364
96,20090522,-78.00622626859695
97,20090526,277.82444840925746
98,20090527,-439.7216682448052
99,20090528,105.0129482812481
100,20090529,111.48846388014499
101,20090601,236.5326525621349
102,20090602,264.77010518079624
103,20090603,-112.25240585452411
104,20090604,-169.99869005172513
105,20090605,42.8453532573767
106,20090608,-97.66668900346849
107,20090609,-15.664513792842627
108,20090610,-252.2859902071068
109,20090611,-16.302446818444878
110,20090612,-46.451186555670574
111,20090615,-193.63344997761305
112,20090616,-76.66158671025187
113,20090617,272.13129846949596
114,20090618,26.243768332875334
115,20090619,-0.15811005409341305
116,20090622,-405.77172932820395
117,20090623,-155.8206382303033
118,20090624,82.61874021741096
119,20090625,406.10452688357327
120,20090626,-77.46678375883494
121,20090629,151.32538424560335
122,20090630,80.60896746336948
123,20090701,98.04034507798497
124,20090702,-398.8791092466563
125,20090706,141.4431048410479
126,20090707,-178.2591286265524
127,20090708,182.46172708028462
128,20090709,-152.0702537971083
129,20090710,125.4580589600373
130,20090713,296.4201596318744
131,20090714,28.92401766963303
132,20090715,388.4620466356864
133,20090716,-0.2091382707003504
134,20090717,-77.90488067676779
135,20090720,421.47809357137885
136,20090721,-640.7857110421173
137,20090722,71.73827094840817
138,20090723,317.55477909429464
139,20090724,484.69768078718334
140,20090727,-45.06076457351446
141,20090728,125.79245545878075
142,20090729,209.34308257699013
143,20090730,75.88820390647743
144,20090731,153.3695934183197
145,20090803,698.6037300229073
146,20090804,473.625980546698
147,20090805,436.13147359446157
148,20090806,179.40789463440888
149,20090807,-60.71826162468642
150,20090810,-350.1471681575058
151,20090811,58.68931722571142
152,20090812,151.83874276757706
153,20090813,344.7194134106394
154,20090814,-242.60826875269413
155,20090817,-575.0231683736201
156,20090818,183.8863743239781
157,20090819,-555.7008153299103
158,20090820,42.73712340753991
159,20090821,292.46055308543146
160,20090824,-343.5923775911797
161,20090825,327.08856786252
162,20090826,-118.23076970071997
163,20090827,-234.8680691353511
164,20090828,98.40521433437243
165,20090831,-536.7289775235113
166,20090901,-267.2628364538541
167,20090902,198.5143195282435
168,20090903,523.9845741204917
169,20090904,371.5762769158464
170,20090908,98.32932946970686
171,20090909,318.0225269855
172,20090910,836.5571298839059
173,20090911,178.7572741835611
174,20090914,394.8514795865631
175,20090915,303.3102091792971
176,20090916,324.4493455174379
177,20090917,-337.2464224754367
178,20090918,-39.078667946741916
179,20090921,180.498569991556
180,20090922,-559.9969993619015
181,20090923,388.75431777734775
182,20090924,-429.78116459492594
183,20090925,362.70936761354096
184,20090928,305.91795427305624
185,20090929,-273.00403554015793
186,20090930,-138.72934733179864
187,20091001,-1351.0434043117566
188,20091002,473.25242598343175
189,20091005,-268.4537319589872
190,20091006,182.9244100105716
191,20091007,94.56857985258102
192,20091008,1191.7138084023027
193,20091009,-250.10111470823176
194,20091012,-157.05127611442003
195,20091013,90.67820865474641
196,20091014,1058.578879056964
197,20091015,-1292.930441709701
198,20091016,-520.1588491169969
199,20091019,-137.31836351414677
200,20091020,163.97369578969665
201,20091021,-983.5628594292793
202,20091022,241.5250925582368
203,20091023,-256.5019753393717
204,20091026,-90.54305065481458
205,20091027,-341.39292683720123
206,20091028,-379.51427961490117
207,20091029,-46.30583373294212
208,20091030,-159.88680690107867
209,20091102,-262.133243676275
210,20091103,-23.683960153721273
211,20091104,-195.08224290865473
212,20091105,402.6971691456856
213,20091106,757.3546492313035
214,20091109,1109.0462929710047
215,20091110,-308.79471386864316
216,20091111,1306.3244267826667
217,20091112,-1055.4458305651788
218,20091113,307.9269769892562
219,20091116,491.1219242530642
220,20091117,-508.58554095297586
221,20091118,-272.55909905885346
222,20091119,-493.1662737154402
223,20091120,284.0134736059699
224,20091123,453.8159502304625
225,20091124,-668.7535824365914
226,20091125,544.0664991299855
227,20091127,-382.2113111411454
228,20091130,721.1334796370938
229,20091201,500.5775530501269
230,20091202,200.7439829641953
231,20091203,324.52308663434815
232,20091204,2385.340221764869
233,20091207,-442.81176643352956
234,20091208,16.0091328691924
235,20091209,434.6671853006119
236,20091210,-35.255861878278665
237,20091211,2296.599404463661
238,20091214,33.70853858347982
239,20091215,-563.4097023732029
240,20091216,1588.3902601400623
241,20091217,325.00624682800844
242,20091218,-186.1922107504215
243,20091221,261.9269315903075
244,20091222,536.74765981175
245,20091223,628.3981353995623
246,20091224,-233.31940875633154
247,20091228,-398.1328264141921
248,20091229,-79.30511933227535
249,20091230,-199.05311256786808
250,20091231,202.43542377930135
251,20100104,-995.3323052034248
252,20100105,2344.092913919012
253,20100106,-1424.1283391941106
254,20100107,705.9044088129885
255,20100108,-1066.3794597906526
256,20100111,543.855121967732
257,20100112,-533.9166833678028
258,20100113,819.70081675658
259,20100114,-285.8850904989522
260,20100115,-746.2952616539551
261,20100119,83.01309764187317
262,20100120,125.84762191143818
263,20100121,1502.3350050463341
264,20100122,-0.010119236540049314
265,20100125,-1541.8942857687362
266,20100126,1243.5626522147795
267,20100127,-964.9106256604427
268,20100128,264.86801257240586
269,20100129,-533.8151029369328
270,20100201,1071.56555212487
271,20100202,-91.94565601286013
272,20100203,-372.4109860426979
273,20100204,-2073.334161138744
274,20100205,1247.7627397320466
275,20100208,-189.46143811452202
276,20100209,1920.1695233100327
277,20100210,-519.199271524325
278,20100211,1595.0926842064364
279,20100212,764.4570386186242
280,20100216,1998.6554982968373
281,20100217,-767.4370805728249
282,20100218,726.6060271814931
283,20100219,-50.551041380735114
284,20100222,351.1419766942272
285,20100223,-505.05601874750573
286,20100224,203.97652986412868
287,20100225,-52.54742278682534
288,20100226,790.1360443868907
289,20100301,695.4339944247622
290,20100302,-401.92179628123995
291,20100303,-436.8938689372735
292,20100304,273.11466324550565
293,20100305,443.62604128802195
294,20100308,-711.9178868457675
295,20100309,721.6332246457459
296,20100310,790.2271631425247
297,20100311,113.11977840424515
298,20100312,907.1220236041117
299,20100315,-0.7511011176975444
300,20100316,1017.8647342973854
301,20100317,-863.8211752435891
302,20100318,174.09337442868855
303,20100319,-1461.232258531847
304,20100322,689.1578303605784
305,20100323,580.7516892052954
306,20100324,-174.85685829247814
307,20100325,409.1886927941814
308,20100326,-118.66120783321094
309,20100329,753.8368240423733
310,20100330,-515.5847043297254
311,20100331,729.7413045960711
312,20100401,-56.59582304535434
313,20100405,-287.7531947620446
314,20100406,1639.9112110546557
315,20100407,-863.8890122415032
316,20100408,575.8531239976874
317,20100409,-567.9404116022633
318,20100412,281.82548998785205
319,20100413,-58.07690887560602
320,20100414,927.8088668608107
321,20100415,227.28023225651123
322,20100416,-914.8645102599403
323,20100419,2148.625384540297
324,20100420,-59.24686945229769
325,20100421,-953.5320118546952
326,20100422,-829.7110544322059
327,20100423,3069.9065523893805
328,20100426,-2284.0458486656426
329,20100427,-2267.176813733182
330,20100428,292.63132004009094
331,20100429,1117.9482965201605
332,20100430,-1400.1628505208064
333,20100503,1301.9947069379268
334,20100504,-2300.735082558356
335,20100505,117.27563214779366
336,20100506,-2687.686697769095
337,20100507,-1133.0573010661174
338,20100510,3450.591215006076
339,20100511,-616.0336243240163
340,20100512,1694.387202209793
341,20100513,-1491.9641676652245
342,20100514,-660.862028087955
343,20100517,669.3605832048925
344,20100518,-1535.323371863109
345,20100519,-2177.8757364939665
346,20100520,-3739.1346669637132
347,20100521,1447.3883409484988
348,20100524,-360.0148497883929
349,20100525,1843.9419608778553
350,20100526,841.1435451349244
351,20100527,2075.0076479079435
352,20100528,-1215.0800500193145
353,20100601,-1436.4559704739368
354,20100602,2537.0275586528005
355,20100603,-62.27191790647339
356,20100604,-3668.2619191365084
357,20100607,-2227.2613105756463
358,20100608,1453.3131828226615
359,20100609,-313.71240963286255
360,20100610,1300.5461003262317
361,20100611,120.96386104612611
362,20100614,-182.11020154703874
363,20100615,1902.7181908495259
364,20100616,-1618.4462481341325
365,20100617,1761.8510751348222
366,20100618,-683.4671044145944
367,20100621,-377.2598453023238
368,20100622,-2075.323491823976
369,20100623,-186.96300032176077
370,20100624,-1002.0385590124642
371,20100625,-251.87992664997
372,20100628,-189.0458866924746
373,20100629,-3162.559691613773
374,20100630,-0.4996148480568081
375,20100701,-766.81709683605
376,20100702,-1511.8870165502885
377,20100706,-767.5532460598042
378,20100707,4276.3835778022185
379,20100708,919.2576491403161
380,20100709,1065.572557420819
381,20100712,1823.8818278299877
382,20100713,1643.4094792226097
383,20100714,-277.5890795221785
384,20100715,-211.47486637695692
385,20100716,-1912.5210301534971
386,20100719,-1860.4074084361782
387,20100720,-216.78710000310093
388,20100721,-730.9769663447514
389,20100722,2349.1295527705224
390,20100723,942.2105207787827
391,20100726,1836.0164477677317
392,20100727,-509.0064110502135
393,20100728,72.35383111762349
394,20100729,-0.3678295238642022
395,20100730,290.33966063405387
396,20100802,1917.472867055214
397,20100803,-1760.511433842359
398,20100804,592.9528251528973
399,20100805,-677.8135367340874
400,20100806,-838.3778293578653
401,20100809,1442.8522411534796
402,20100810,-1844.333939584787
403,20100811,-3567.2980915444205
404,20100812,-0.07353928149677813
405,20100813,-228.9830799929332
406,20100816,-456.3822582367575
407,20100817,1200.4633841140894
408,20100818,303.026924733771
409,20100819,-2617.3898161109537
410,20100820,541.9977068045409
411,20100823,-1685.9586111056851
412,20100824,-270.36495566298254
413,20100825,-541.3820692152949
414,20100826,-917.4633648430463
415,20100827,2362.86812813126
416,20100830,-1067.5534915731987
417,20100831,456.73147143877577
418,20100901,3461.997018593014
419,20100902,231.64455370837823
420,20100903,307.1020767216105
421,20100907,-995.1549413799075
422,20100908,538.0812204958638
423,20100909,-232.09668379323557
424,20100910,311.65124423173256
425,20100913,-312.77640163584147
426,20100914,153.43896592757665
427,20100915,2318.9247790229274
428,20100916,1145.4879625795875
429,20100917,-925.0651602426078
430,20100920,2649.476930490113
431,20100921,-79.7491825100733
432,20100922,-626.8770362290088
433,20100923,-1628.8138231085613
434,20100924,3215.029235453694
435,20100927,8491.499409050099
436,20100928,-867.3242156264605
437,20100929,-390.7984980487963
438,20100930,-926.2446993326303
439,20101001,-991.3265429511666
440,20101004,-915.0706757465377
441,20101005,1526.1649486164097
442,20101006,-605.7116216461873
443,20101007,-460.39878077304456
444,20101008,1238.1383636218961
445,20101011,-1412.1337444450473
446,20101012,1005.7108852696838
447,20101013,-154.7148289611796
448,20101014,-850.4363034940325
449,20101015,691.5880169807933
450,20101018,542.6730514031369
451,20101019,-2595.1062198983273
452,20101020,3722.850875508506
453,20101021,3685.8916537495097
454,20101022,-1198.333503735601
455,20101025,558.6455039855791
456,20101026,236.51877235725988
457,20101027,1499.774803741835
458,20101028,-0.9463906198507175
459,20101029,-1.2771195999812335
460,20101101,855.7251594522968
461,20101102,1639.8601839272305
462,20101103,235.76785579696298
463,20101104,1035.610269295983
464,20101105,-399.31250388303306
465,20101108,556.2958127424354
466,20101109,-2595.2747568576597
467,20101110,-1910.0890625669854
468,20101111,-0.8563799432013184
469,20101112,-1055.4050060721347
470,20101115,-411.3505429014331
471,20101116,-1738.1153081000084
472,20101117,82.61820253008045
473,20101118,2078.1650809971616
474,20101119,83.158629079815
475,20101122,574.7903054909548
476,20101123,-1791.1429429127602
477,20101124,2714.194095369312
478,20101126,-1815.3281321128597
479,20101129,164.39725444815122
480,20101130,-1916.167704331223
481,20101201,834.943674831884
482,20101202,-1183.664856072981
483,20101203,-675.9433535233838
484,20101206,-1590.088526483043
485,20101207,-456.18927225167863
486,20101208,-1087.1303167502629
487,20101209,252.21406425139867
488,20101210,419.85258551395964
489,20101213,-511.18668866727967
490,20101214,341.57931663119234
491,20101215,-2420.7502560387366
492,20101216,348.20640977460425
493,20101217,2519.824022648274
494,20101220,86.65372551546898
495,20101221,1397.170908930013
496,20101222,-87.62731265719049
497,20101223,-1288.8006210788153
498,20101227,429.4104212410748
499,20101228,778.2839815696934
500,20101229,-175.86750030412804
501,20101230,-786.7850828457158
502,20101231,85.83742785360664
503,20110103,2263.2429242748767
504,20110104,687.9055265419884
505,20110105,-86.92488086386584
506,20110106,-1293.6991291388404
507,20110107,1131.7143751370022
508,20110110,87.05144310370088
509,20110111,-1997.7116016192595
510,20110112,778.1161937717116
511,20110113,-613.2117450005608
512,20110114,1299.5607619039947
513,20110118,-1387.8261032326845
514,20110119,-2192.8887631536927
515,20110120,-349.50069055205677
516,20110121,-1925.8662716767285
517,20110124,1659.9043083749712
518,20110125,-2296.990831774543
519,20110126,-350.6366810175823
520,20110127,259.81212993722875
521,20110128,-4898.490258636535
522,20110131,-706.7248711066786
523,20110201,-0.740162116708234
524,20110202,-2463.051490989863
525,20110203,965.9658998122904
526,20110204,353.976330320118
527,20110207,2684.5619126976235
528,20110208,1441.6499483069638
529,20110209,804.1756883977214
530,20110210,360.3829533320386
531,20110211,725.165597412968
532,20110214,-1833.712187418947
533,20110215,1631.4687607416417
534,20110216,90.57921762904152
535,20110217,1088.0732264346443
536,20110218,640.4418865910266
537,20110222,-6385.409786724718
538,20110223,-1756.4160311123123
539,20110224,649.9107017386705
540,20110225,279.1811236542417
541,20110228,375.180642639054
542,20110301,-1094.0332848249236
543,20110302,-1323.288783700671
544,20110303,2002.3501263739308
545,20110304,191.32167645869777
546,20110307,-289.7783273551613
547,20110308,8630.721795311547
548,20110309,-3417.9577561691403
549,20110310,1838.4601128910435
550,20110311,2149.2106717950664
551,20110314,-3137.852961629862
552,20110315,-199.06016551482026
553,20110316,-3530.826920469757
554,20110317,-1683.6464442828437
555,20110318,3480.36303460598
556,20110321,801.9120812171604
557,20110322,396.6718908775365
558,20110323,998.0054511340568
559,20110324,1185.9126691425918
560,20110325,1370.6761430756887
561,20110328,-971.8024645431433
562,20110329,-674.07975213998
563,20110330,2900.0802677662577
564,20110331,-1757.6100527088856
565,20110401,391.12536743376404
566,20110404,-2076.155240253429
567,20110405,-2594.280774129438
568,20110406,-504.52395767287817
569,20110407,-3491.8654150244547
570,20110408,-1209.1254280181602
571,20110411,1000.2027046683943
572,20110412,605.0510097465012
573,20110413,-918.639802482794
574,20110414,-1517.5744235513266
575,20110415,304.59515233838465
576,20110418,-813.9268123061629
577,20110419,204.2023720856523
578,20110420,618.7978173461743
579,20110421,-3296.254657492973
580,20110425,2069.7166335922666
581,20110426,1774.5373643373605
582,20110427,930.5648395820754
583,20110428,415.51228701358195
584,20110429,-627.0011752268765
585,20110502,-1453.760779850767
586,20110503,-721.0458797116298
587,20110504,1018.2004593660822
588,20110505,2776.030953574227
589,20110506,2074.594087532372
590,20110509,-1141.655870219227
591,20110510,1040.410942706163
592,20110511,418.90278319851495
593,20110512,-1.1276707999641076
594,20110513,-749.2103511426831
595,20110516,753.4639119425556
596,20110517,861.5361656696768
597,20110518,541.967081629904
598,20110519,1398.990668239654
599,20110520,-1399.0289003775688
600,20110523,-1412.1047318101628
601,20110524,-1838.9607743379893
602,20110525,-1417.6421733476454
603,20110526,-542.5112574063241
604,20110527,428.57459713472053
605,20110531,-0.5067803591955453
606,20110601,-2577.342370332801
607,20110602,-217.7372795153642
608,20110603,-110.222511240514
609,20110606,-3566.9707338568987
610,20110607,1215.266656709835
611,20110608,-2852.1761136123678
612,20110609,-328.4707965005655
613,20110610,-1305.0828768206993
614,20110613,-0.8271940429694951
615,20110614,1735.7021257320885
616,20110615,-3465.104027149733
617,20110616,-0.5096900573698804
618,20110617,1851.9167365798494
619,20110620,1097.8430569609627
620,20110621,1323.2717984804185
621,20110622,-1558.4207516075112
622,20110623,4373.750924025895
623,20110624,-558.9727532350225
624,20110627,336.7539455021033
625,20110628,453.10387869970873
626,20110629,-458.94171989976894
627,20110630,343.311298335786
628,20110701,2524.5902286571218
629,20110705,-2866.047644431703
630,20110706,690.0127962366678
631,20110707,1830.2424091952853
632,20110708,-2619.2899285408203
633,20110711,-3840.433153469581
634,20110712,-1460.4747553219786
635,20110713,-335.0698931872612
636,20110714,-1446.3640800100984
637,20110715,-333.3802987476811
638,20110718,-2879.634074000409
639,20110719,1339.0758193321526
640,20110720,-1012.477143174503
641,20110721,-224.5284829554148
642,20110722,-556.8349039994646
643,20110725,-2014.2718277577078
644,20110726,-1347.8436051033204
645,20110727,-2024.8287958840374
646,20110728,-1701.6177963409573
647,20110729,1942.3609113611747
648,20110801,-2750.7688365133945
649,20110802,-3799.1020485437475
650,20110803,3014.9521357842023
651,20110804,-9437.708828810602
652,20110805,-4315.151344374637
653,20110808,-4531.1231338738
654,20110809,4185.897871828638
655,20110810,-3165.3180396154057
656,20110811,1402.5760116948513
657,20110812,231.20805329747964
658,20110815,2220.429893466411
659,20110816,351.26269490865525
660,20110817,-701.6821113695623
661,20110818,-5012.214068682981
662,20110819,-1763.0582162240753
663,20110822,-473.62696908786893
664,20110823,1967.0642463861732
665,20110824,2365.8595645374153
666,20110825,-1068.846027391497
667,20110826,942.1272077084286
668,20110829,5700.836927555385
669,20110830,-1665.2228125041584
670,20110831,943.2690679073567
671,20110901,-2260.6197308175033
672,20110902,-2139.237495583715
673,20110906,-2243.7680397861404
674,20110907,3411.114170490764
675,20110908,-2601.0861388059566
676,20110909,-831.4100474751322
677,20110912,-1178.9036032699514
678,20110913,4151.072125735576
679,20110914,2235.367166357464
680,20110915,1182.1417895511258
681,20110916,4373.303534580045
682,20110919,-3526.1742960847914
683,20110920,-2128.570474366308
684,20110921,-2232.9022525901673
685,20110922,-3187.713822046644
686,20110923,4157.264456054894
687,20110926,3950.1520741166314
688,20110927,-2172.5728813171154
689,20110928,-0.7931903001153842
690,20110929,1224.303982875077
691,20110930,-7213.65839884046
692,20111003,-8453.476476213196
693,20111004,1834.6026635728776
694,20111005,862.0257706933189
695,20111006,3583.96523404622
696,20111007,-2090.8496027757647
697,20111010,3455.5696024729405
698,20111011,2237.6891955323517
699,20111012,2241.9655547648435
700,20111013,3502.3756934977137
701,20111014,-0.8006292999489233
702,20111017,-0.5986533458344638
703,20111018,2615.6200744386297
704,20111019,-1375.575645035482
705,20111020,4881.17681856046
706,20111021,-2871.7424792875536
707,20111024,2388.9189239632105
708,20111025,-4294.352599159116
709,20111026,-1133.2633542008698
710,20111027,2788.806584287202
711,20111028,-893.1425406730268
712,20111031,-2952.5184532473795
713,20111101,-1164.2040163964266
714,20111102,259.2340453546494
715,20111103,1418.5609304446261
716,20111104,-772.878345077741
717,20111107,-1427.714632838848
718,20111108,646.0718009113334
719,20111109,-3881.821218127385
720,20111110,-776.0825634479988
721,20111111,1301.9016395449871
722,20111114,-263.15719067060854
723,20111115,131.3390468438156
724,20111116,-1974.5426746625453
725,20111117,-3579.5034403363243
726,20111118,399.72478816483635
727,20111121,-1075.945764436503
728,20111122,-1073.597609036602
729,20111123,-3378.3511926754145
730,20111125,1353.6036696353694
731,20111128,5024.23127750773
732,20111129,815.9966309509473
733,20111130,6130.873266322073
734,20111201,-679.5568338430021
735,20111202,-681.3110054006102
736,20111205,2604.7336846129037
737,20111206,1030.3081864563283
738,20111207,550.9369833735982
739,20111208,-4294.9472453742055
740,20111209,2366.7186795015587
741,20111212,-140.9371307719266
742,20111213,-3810.985446343082
743,20111214,141.21916507172864
744,20111215,3541.47624045657
745,20111216,4134.548797594849
746,20111219,-5867.530896662269
747,20111220,2587.1348101942567
748,20111221,-1586.3641047425335
749,20111222,434.550957826199
750,20111223,2628.053890312207
751,20111227,-1020.2613124325871
752,20111228,-1596.463841301389
753,20111229,2886.4307047321927
754,20111230,-579.5648557796376
755,20120103,-2173.593400998623
756,20120104,2752.5003172873985
757,20120105,289.257790850359
758,20120106,-1440.0114947709953
759,20120109,1012.9027981716208
760,20120110,1736.9603582001291
761,20120111,2464.2719475837657
762,20120112,1295.4546481395373
763,20120113,-1885.3287217310863
764,20120117,1458.111738095875
765,20120118,1173.7652579501737
766,20120119,4136.318256309256
767,20120120,1469.0234797656303
768,20120123,-1760.5842423550785
769,20120124,-1750.6040636909893
770,20120125,5070.0800800056895
771,20120126,-1887.5214456338435
772,20120127,3501.503898947849
773,20120130,-3525.433849649038
774,20120131,2954.8623217899585
775,20120201,2378.500705539249
776,20120202,148.75024845125154
777,20120203,4311.842831462272
778,20120206,-4328.91416471079
779,20120207,-1647.9663344909204
780,20120208,-149.845176156261
781,20120209,2240.423766862252
782,20120210,-2394.2501889617415
783,20120213,1504.6679173234152
784,20120214,-1966.7053070422262
785,20120215,-910.6262065706542
786,20120216,910.9742428915342
787,20120217,-2445.470241924282
788,20120221,-5073.4342465956
789,20120222,-1237.9812200617744
790,20120223,-2308.8238188289106
791,20120224,-2920.176986905397
792,20120227,2163.822713595582
793,20120228,2096.490634241025
794,20120229,467.9424681933597
795,20120301,-1561.1767539444845
796,20120302,1250.3073231434682
797,20120305,-3424.3700149263022
798,20120306,-2192.536598372506
799,20120307,-1732.5651848723646
800,20120308,155.7217460408574
801,20120309,-315.5373705381062
802,20120312,-3133.1236204949673
803,20120313,2045.8411184526049
804,20120314,-3637.9477977798088
805,20120315,4269.940870331135
806,20120316,-2226.989393802942
807,20120319,1598.76692286029
808,20120320,-319.52051768102683
809,20120321,-1124.393848516047
810,20120322,-2077.219220076804
811,20120323,639.3791479876963
812,20120326,1920.7026895354502
813,20120327,-1910.4720329219708
814,20120328,2071.244538396015
815,20120329,635.533464852022
816,20120330,-2542.6813877279637
817,20120402,318.27305941609666
818,20120403,-959.0238738945918
819,20120404,2889.3155537361745
820,20120405,-1121.8192877428373
821,20120409,-1434.3654551358195
822,20120410,-4909.787327820202
823,20120411,628.9565272234613
824,20120412,2999.7650291414466
825,20120413,-3141.894193783519
826,20120416,779.9123591476819
827,20120417,1400.2573462763103
828,20120418,-2949.9252247496042
829,20120419,5309.180856215418
830,20120420,-5021.005713606253
831,20120423,-470.99196001677774
832,20120424,2185.3399449602002
833,20120425,-627.9928903782275
834,20120426,1729.4910114370286
835,20120427,2521.072624943219
836,20120430,474.76063156104647
837,20120501,-0.13349164766259491
838,20120502,-1751.1980180457467
839,20120503,799.7140574319055
840,20120504,-1928.7171584236203
841,20120507,2583.588536806521
842,20120508,161.61630232678726
843,20120509,-1136.0560357221402
844,20120510,-1617.8468500834424
845,20120511,-808.0000439765863
846,20120514,486.6631667303154
847,20120515,-162.55715453252196
848,20120516,2287.48957465461
849,20120517,2279.459709151881
850,20120518,-3276.4872719150735
851,20120521,3103.6849460257217
852,20120522,-1142.417911579716
853,20120523,1464.0591352542397
854,20120524,6146.969801949104
855,20120525,323.734142919071
856,20120529,2930.2063072788296
857,20120530,-1144.1721632434055
858,20120531,2602.381520834868
859,20120601,-1294.8845028744545
860,20120604,-5532.578401724924
861,20120605,969.7854590838542
862,20120606,2260.2748774713837
863,20120607,969.8121918103425
864,20120608,3244.5852549282135
865,20120611,-1291.4594027562998
866,20120612,161.33400037675165
867,20120613,3229.024027454434
868,20120614,159.7274651734624
869,20120615,-4315.850144988159
870,20120618,1602.2371083872858
871,20120619,3222.969392862171
872,20120620,1290.0677189936396
873,20120621,-1622.8446435746737
874,20120622,-0.11707953154109418
875,20120625,-7336.104945060448
876,20120626,1781.9790141681442
877,20120627,4400.359735309379
878,20120628,1133.636954482994
879,20120629,161.53232981741894
880,20120702,1449.045208995929
881,20120703,-482.18751821061596
882,20120705,-2096.209199439734
883,20120706,1943.9076239013812
884,20120709,-486.3678171004867
885,20120710,6334.203515954083
886,20120711,-1133.6168922857614
887,20120712,-4069.2540271760663
888,20120713,2115.8205300772097
889,20120716,-324.52652486250736
890,20120717,-489.1090925511671
891,20120718,488.2256260282593
892,20120719,-4375.855786454864
893,20120720,-4708.526563381311
894,20120723,-2427.886143307667
895,20120724,-806.88583595003
896,20120725,-3082.6703262981027
897,20120726,3424.0062813227996
898,20120727,3575.107621140778
899,20120730,4058.6446173279546
900,20120731,652.3038765372476
901,20120801,-163.22973118524533
902,20120802,-3906.1098798192106
903,20120803,3108.998332622694
904,20120806,2114.795097051654
905,20120807,-2773.9918738021515
906,20120808,161.39283654256724
907,20120809,-971.5825852704002
908,20120810,482.54339829529636
909,20120813,808.4321370298276
910,20120814,-1630.1172926635481
911,20120815,163.03232235857286
912,20120816,822.7542403012048
913,20120817,988.7369153876789
914,20120820,5136.2095373376505
915,20120821,330.84235413745046
916,20120822,-2311.207114935154
917,20120823,-331.22337051143404
918,20120824,-1481.2824573325925
919,20120827,-2309.5658858525567
920,20120828,-1493.6297619831748
921,20120829,-1501.9827101436676
922,20120830,1173.326487119426
923,20120831,-336.22602361347526
924,20120904,-1518.890400158707
925,20120905,4045.595789100975
926,20120906,2033.154785325285
927,20120907,-340.54669692507014
928,20120910,-683.7661147733452
929,20120911,-3434.918411968858
930,20120912,3953.347261830233
931,20120913,-1209.663799816044
932,20120914,-687.9450671195518
933,20120917,-345.4191487360513
934,20120918,-2248.376860143966
935,20120919,2425.3649016362615
936,20120920,-2076.6177450447576
937,20120921,-1721.8264427777613
938,20120924,864.1117217475548
939,20120925,-865.5564722376876
940,20120926,1391.3576087639667
941,20120927,-694.3498519004788
942,20120928,-1919.355567194987
943,20121001,1560.4209046731703
944,20121002,2091.0837037160527
945,20121003,2784.306920482428
946,20121004,-700.7128005815903
947,20121005,-2278.9313926131
948,20121008,-1922.8533380591543
949,20121009,-1912.8752822618699
950,20121010,344.9998686464969
951,20121011,-1043.8470276354346
952,20121012,2271.08508471644
953,20121015,877.6370472504059
954,20121016,-175.54759976128116
955,20121017,1224.218439822318
956,20121018,526.6303094861796
957,20121019,-1768.1366424545413
958,20121022,-889.2822361218277
959,20121023,-714.559927005088
960,20121024,-713.4214808074757
961,20121025,1433.3314170201775
962,20121026,-1622.6780813301448
963,20121031,1448.3378080457915
964,20121101,4186.842821202008
965,20121102,-363.58141221571714
966,20121105,181.68956236564554
967,20121106,2015.6835000397405
968,20121107,-2580.2847740965663
969,20121108,3147.218059836654
970,20121109,-2231.11956453952
971,20121112,185.7995587300975
972,20121113,-750.8533834633417
973,20121114,-5047.84935274173
974,20121115,1494.323505754117
975,20121116,1672.0202919089934
976,20121119,3174.2389227615204
977,20121120,186.78848261479288
978,20121121,2253.4110538377427
979,20121123,2632.0013731311774
980,20121126,563.0538554470986
981,20121127,-2057.764674273436
982,20121128,2614.9514124558773
983,20121129,1302.0964770988794
984,20121130,557.3454009488923
985,20121203,-1681.9132062729914
986,20121204,3719.9582942205016
987,20121205,2977.743556174799
988,20121206,1682.5803068972891
989,20121207,-1304.8862526061712
990,20121210,560.8002936730627
991,20121211,5224.003397799213
992,20121212,-1865.9639281065902
993,20121213,2238.5932021094486
994,20121214,936.4727089748485
995,20121217,3200.9469246289227
996,20121218,2648.739235467161
997,20121219,1134.9250295263482
998,20121220,-379.4175233364804
999,20121221,-1521.820650927606
1000,20121224,-570.2706328704953
1001,20121226,-2285.1685818426777
1002,20121227,-950.1658395341365
1003,20121228,-1907.5244241806213
1004,20121231,1524.1051392155932
1005,20130102,4376.8256015972
1006,20130103,4748.675395634025
1007,20130104,3053.258731910493
1008,20130107,572.2191102551296
1009,20130108,2277.250297132763
1010,20130109,-568.327927321312
1011,20130110,1330.0026258719154
1012,20130111,-383.12367360596545
1013,20130114,-574.0905570937321
1014,20130115,1144.479299797793
1015,20130116,3796.9782161577605
1016,20130117,2272.873838815838
1017,20130118,-2666.498395587667
1018,20130122,4178.683847479289
1019,20130123,-2291.869241821929
1020,20130124,1713.8076186464168
1021,20130125,-190.72252417600248
1022,20130128,-190.97756317839958
1023,20130129,-1915.9151688239072
1024,20130130,-1719.9146018037573
1025,20130131,-573.125500652357
1026,20130201,379.9270538564306
1027,20130204,-949.2948209450115
1028,20130205,1710.273073114222
1029,20130206,3819.1123872622848
1030,20130207,2659.855925451964
1031,20130208,570.4053015668178
1032,20130211,190.06278845563065
1033,20130212,-1908.8001272246474
1034,20130213,1149.550903225434
1035,20130214,-2699.065465186257
1036,20130215,2514.259598317789
1037,20130219,1938.2418176606297
1038,20130220,-5210.546340507688
1039,20130221,386.4744838605402
1040,20130222,2894.330696630408
1041,20130225,-5419.339122995734
1042,20130226,1545.8031490379944
1043,20130227,8130.415747571853
1044,20130228,-2335.487064952147
1045,20130301,2322.081664752215
1046,20130304,4278.348352711648
1047,20130305,1563.8588242388796
1048,20130306,-1172.2530693177832
1049,20130307,782.9184096300742
1050,20130308,3339.0562123532873
1051,20130311,1370.8724155941745
1052,20130312,194.49596519686747
1053,20130313,2156.979241702473
1054,20130314,1963.4922003014944
1055,20130315,-3352.6933115225984
1056,20130318,3564.6031069337623
1057,20130319,1586.9208743418567
1058,20130320,2987.3912595054135
1059,20130321,-601.7573902215809
1060,20130322,2195.4718599808402
1061,20130325,-199.95568686467595
1062,20130326,1784.242281115381
1063,20130327,4780.480616488028
1064,20130328,5757.727989408886
1065,20130401,-4988.920186701696
1066,20130402,-10989.18647999852
1067,20130403,-2799.6312552499585
1068,20130404,5208.53773098276
1069,20130405,198.63126431778073
1070,20130408,2383.002621181542
1071,20130409,-595.6487538241781
1072,20130410,2789.7150864859577
1073,20130411,990.8280635711271
1074,20130412,1194.8030902524479
1075,20130415,-9606.358015766833
1076,20130416,10186.090240309015
1077,20130417,-603.2524687424302
1078,20130418,-3425.009085878497
1079,20130419,7272.616927380906
1080,20130422,-3444.3476334663574
1081,20130423,3426.5159543880727
1082,20130424,1617.1143828965724
1083,20130425,-0.125245955074206
1084,20130426,-609.9867004312109
1085,20130429,3057.2835311330855
1086,20130430,3276.2025227872655
1087,20130501,-4490.930547643453
1088,20130502,5739.312420875067
1089,20130503,6336.534164380515
1090,20130506,3693.261980174342
1091,20130507,-410.0954258958809
1092,20130508,2047.847817292437
1093,20130509,-4919.644647994777
1094,20130510,1437.7880901684985
1095,20130513,-4304.7077473991085
1096,20130514,616.2823940885719
1097,20130515,7427.699216574896
1098,20130516,-4146.862072510878
1099,20130517,4980.941283078166
1100,20130520,-2689.3591852344107
1101,20130521,1241.0968795549124
1102,20130522,-5767.7735151601955
1103,20130523,6993.960855950601
1104,20130524,-1858.6868542393204
1105,20130528,-206.6859495593235
1106,20130529,-2891.220273929648
1107,20130530,2884.6050932426006
1108,20130531,-2065.684762939345
1109,20130603,-2692.1818747483194
1110,20130604,-1658.1845727106556
1111,20130605,-6019.462546975585
1112,20130606,-2708.519770719344
1113,20130607,7948.635236930335
1114,20130610,2093.5480186587665
1115,20130611,-626.6066198763438
1116,20130612,-1666.1512414678
1117,20130613,2282.1486461979803
1118,20130614,-2291.8407884647604
1119,20130617,-1884.084149125265
1120,20130618,1679.1600774985272
1121,20130619,-3588.05420408817
1122,20130620,-3362.0604040659964
1123,20130621,-1052.1772790849209
1124,20130624,-3593.0635714363307
1125,20130625,847.5474358317442
1126,20130626,-8087.780089223059
1127,20130627,1489.2238293264527
1128,20130628,-3194.503949092934
1129,20130701,4693.5506742447615
1130,20130702,-8566.22360790451
1131,20130703,-0.6013280518818647
1132,20130705,1704.8161568129435
1133,20130708,2567.34007080039
1134,20130709,4077.1530603212304
1135,20130710,860.0980473251548
1136,20130711,3218.44827380497
1137,20130712,3661.62631823658
1138,20130715,431.3794792010449
1139,20130716,-1723.327902271878
1140,20130717,5371.671956719831
1141,20130718,2804.411773318192
1142,20130719,643.3649236853234
1143,20130722,1293.643422571011
1144,20130723,429.0964334541932
1145,20130724,-2796.6836632327177
1146,20130725,1074.8200204465538
1147,20130726,-429.54062464041635
1148,20130729,-1928.4734708401375
1149,20130730,2581.166939604096
1150,20130731,215.24377445597202
1151,20130801,7952.32726611034
1152,20130802,-217.22693628957495
1153,20130805,-2167.819315546425
1154,20130806,-4549.597181999125
1155,20130807,-1514.293053870555
1156,20130808,1940.6398657443933
1157,20130809,-2601.09252440813
1158,20130812,-436.50098896678537
1159,20130813,-5464.688790936954
1160,20130814,657.1768314319197
1161,20130815,-3943.279928399017
1162,20130816,438.4285103336442
1163,20130819,-5071.455818613293
1164,20130820,878.4955196210649
1165,20130821,-2205.9676385279745
1166,20130822,3080.002428718377
1167,20130823,1753.031942263944
1168,20130826,-1.2475197999738157
1169,20130827,-10303.226553475717
1170,20130828,-661.3547828760929
1171,20130829,440.54708191682585
1172,20130830,441.2556391567923
1173,20130903,219.22518520453013
1174,20130904,4201.215561244637
1175,20130905,1775.8188385833055
1176,20130906,220.76656314381398
1177,20130909,3751.4426087157335
1178,20130910,13847.979730376042
1179,20130911,-1105.166676579276
1180,20130912,-2208.566976840608
1181,20130913,3325.5418402431533
1182,20130916,4453.3848652374
1183,20130917,2670.3350021557417
1184,20130918,669.0351350624114
1185,20130919,6486.355071981205
1186,20130920,-2897.2275424916297
1187,20130923,446.1102735954337
1188,20130924,6063.839461810654
1189,20130925,-2467.2523670466617
1190,20130926,2456.408715263242
1191,20130927,-1336.293183219619
1192,20130930,-1784.907119045034
1193,20131001,3800.003349033883
1194,20131002,-1344.719917693641
1195,20131003,1113.96029274771
1196,20131004,3806.7188984262757
1197,20131007,-450.1493903491646
1198,20131008,-1123.1732345970813
1199,20131009,2930.9477459881455
1200,20131010,3846.186528767692
1201,20131011,2498.184531218605
1202,20131014,1824.1031362169888
1203,20131015,-2516.281042048009
1204,20131016,9183.430415561888
1205,20131017,9417.442619117675
1206,20131018,1372.708402810851
1207,20131021,458.3192395006772
1208,20131022,6176.272071794141
1209,20131023,1147.0899237608537
1210,20131024,13964.125839624554
1211,20131025,3418.341514314292
1212,20131028,-1594.3430893626064
1213,20131029,1367.0272443483118
1214,20131030,-682.8730298974551
1215,20131031,2035.5318020246923
1216,20131101,5633.903541268548
1217,20131104,9024.941585718887
1218,20131105,-0.459725541761145
1219,20131106,-1584.184816057561
1220,20131107,-5226.239544816781
1221,20131108,2731.9382998191286
1222,20131111,2720.1351080921013
1223,20131112,4989.53343283874
1224,20131113,-685.0640732082538
1225,20131114,4103.2282240903005
1226,20131115,-455.8474145065993
1227,20131118,-454.03599898400716
1228,20131119,675.4203038557898
1229,20131120,-3612.7921754212584
1230,20131121,9948.430835358566
1231,20131122,2476.770295237424
1232,20131125,-225.8038166128099
1233,20131126,-224.8845428780187
1234,20131127,9176.287465565605
1235,20131129,-8093.607387100346
1236,20131202,449.6096392739564
1237,20131203,-7393.136066819541
1238,20131204,-8478.74330709991
1239,20131205,2238.4016576611903
1240,20131206,6968.631117321085
1241,20131209,4270.484219333157
1242,20131210,2709.5595020472538
1243,20131211,-13747.931412736885
1244,20131212,18501.803676561918
1245,20131213,-3621.414941046154
1246,20131216,2270.2759477181826
1247,20131217,-9356.081735803047
1248,20131218,7743.933474600548
1249,20131219,-911.026728288969
1250,20131220,5472.077322893543
1251,20131223,685.0440567305777
1252,20131224,916.0688281566836
1253,20131226,-1.7834755000658333
1254,20131227,-4317.4414590580855
1255,20131230,2049.74484509998
1256,20131231,225.560774106998
1257,20140102,908.8795738096815
1258,20140103,12266.807690788293
1259,20140106,-6118.898094774457
1260,20140107,8602.471627342049
1261,20140108,14774.598054100294
1262,20140109,13217.674980687676
1263,20140110,6176.565954450984
1264,20140113,-7121.707846685778
1265,20140114,16339.760315742344
1266,20140115,-6213.133833843283
1267,20140116,6873.077735327184
1268,20140117,-5504.70728761889
1269,20140121,1826.978836626513
1270,20140122,10787.11588414153
1271,20140123,-12151.243053495185
1272,20140124,-9204.781834011665
1273,20140127,-5273.752336755162
1274,20140128,16108.734235924901
1275,20140129,-16046.733495924855
1276,20140130,14019.141075785505
1277,20140131,-6182.3829854528885
1278,20140203,-11873.900683750631
1279,20140204,5026.76749439002
1280,20140205,-913.9099082485773
1281,20140206,8003.372514232062
1282,20140207,10701.860261975788
1283,20140210,-9358.95317508094
1284,20140211,6833.797402681084
1285,20140212,-2518.4242270260584
1286,20140213,-229.7293979972601
1287,20140214,2281.0552645728458
1288,20140218,-6173.599748650333
1289,20140219,-1831.8556526447646
1290,20140220,17194.899983304553
1291,20140221,1375.0098941172473
1292,20140224,9127.80246250052
1293,20140225,3181.8729256612714
1294,20140226,2737.9153094911017
1295,20140227,913.8993579726666
1296,20140228,-457.32808171142824
1297,20140303,-3210.4541756715626
1298,20140304,13127.29765414074
1299,20140305,4623.347847386729
1300,20140306,2084.5756201543845
1301,20140307,-467.5777922309935
1302,20140310,11582.832517145434
1303,20140311,4180.372686000774
1304,20140312,2792.393768130336
1305,20140313,-7014.2291691713035
1306,20140314,7479.85545026348
1307,20140317,1404.722258050926
1308,20140318,-1871.1785569021013
1309,20140319,-3037.05905554723
1310,20140320,2570.1461701192893
1311,20140321,-16423.775510305306
1312,20140324,4464.919215122471
1313,20140325,7781.276463091839
1314,20140326,-6110.060593940085
1315,20140327,-6606.38230395806
1316,20140328,-2.1859226000960916
1317,20140331,10622.235512331827
1318,20140401,7819.753318600822
1319,20140402,3091.448943432886
1320,20140403,-1424.3795302147046
1321,20140404,-4761.912699950859
1322,20140407,-9043.533040614333
1323,20140408,1909.2410825209226
1324,20140409,15315.172008462483
1325,20140410,-24376.68155447417
1326,20140411,-9119.249715284677
1327,20140414,-5773.859201409388
1328,20140415,9414.884609389119
1329,20140416,15390.954304866958
1330,20140417,-1209.418129331898
1331,20140421,2421.5460780155845
1332,20140422,8270.694844666868
1333,20140423,3660.511706669815
1334,20140424,4644.155920935795
1335,20140425,-7830.435455481056
1336,20140428,-2685.685635311529
1337,20140429,8535.58418119885
1338,20140430,-487.71025412878953
1339,20140501,3887.2590618946124
1340,20140502,-3634.06257320405
1341,20140505,1935.1082058458123
1342,20140506,-1448.2969549272675
1343,20140507,-0.8829305348917842
1344,20140508,6296.919582907809
1345,20140509,-2420.99087266298
1346,20140512,14055.171080499887
1347,20140513,970.8997856499627
1348,20140514,-1703.0820761651266
1349,20140515,-3637.13861845457
1350,20140516,-3629.22993819369
1351,20140519,12295.081318720244
1352,20140520,-4105.9754880608525
1353,20140521,3869.9236362546217
1354,20140522,3872.1946772739757
1355,20140523,12618.817319724243
1356,20140527,1944.5940670615528
1357,20140528,13567.421121639432
1358,20140529,239.96668351627886
1359,20140530,241.5525106114801
1360,20140602,7781.153054254595
1361,20140603,11922.322602223605
1362,20140604,3875.241004690528
1363,20140605,-1933.9020204220433
1364,20140606,7499.685941091506
1365,20140609,-3403.4937473442405
1366,20140610,-3876.4133258583024
1367,20140611,-8510.75111854216
1368,20140612,-29700.61062091356
1369,20140613,14079.819376930129
1370,20140616,-4861.874561747536
1371,20140617,12857.081113102846
1372,20140618,964.0989270098507
1373,20140619,9877.030796023086
1374,20140620,5077.234750810545
1375,20140623,-8987.7530285893
1376,20140624,-6775.43806652585
1377,20140625,8006.415440558689
1378,20140626,2182.420698478818
1379,20140627,1939.8361178396735
1380,20140630,-6809.644010447431
1381,20140701,21232.763156398898
1382,20140702,-6369.22468956979
1383,20140703,5873.306423669448
1384,20140707,-13168.939200755674
1385,20140708,-11456.99051982537
1386,20140709,12381.19542820286
1387,20140710,1450.3375054020435
1388,20140711,4105.133823652752
1389,20140714,3869.031938363798
1390,20140715,7247.774017665535
1391,20140716,3126.167506785132
1392,20140717,-12560.528732534032
1393,20140718,7214.1019191327505
1394,20140721,-3607.2940779044293
1395,20140722,9405.002468590625
1396,20140723,19853.330634796992
1397,20140724,-4585.581915659364
1398,20140725,13511.510764470091
1399,20140728,-723.9017113640439
1400,20140729,-12015.53668539878
1401,20140730,3133.5384004875086
1402,20140731,-13500.226615994005
1403,20140801,3617.329519008519
1404,20140804,-0.02920922776684165
1405,20140805,-7210.162406076444
1406,20140806,-242.55322555173188
1407,20140807,-1453.4709429456852
1408,20140808,5331.431359318318
1409,20140811,8718.374489318114
1410,20140812,1456.0386705324054
1411,20140813,13560.31023793295
1412,20140814,11818.401399733033
1413,20140815,238.32856414141133
1414,20140818,25527.581058960175
1415,20140819,-245.11183232418261
1416,20140820,19824.885879999958
1417,20140821,-8012.992284259293
1418,20140822,15305.270572804613
1419,20140825,6549.25384108047
1420,20140826,-5351.234685968142
1421,20140827,7564.150562729221
1422,20140828,-4388.445839286316
1423,20140829,-974.2422830918804
1424,20140902,21933.885128535097
1425,20140903,-8033.317659411114
1426,20140904,966.776238282444
1427,20140905,5104.859464826062
1428,20140908,729.3193860929459
1429,20140909,1218.118934017839
1430,20140910,17371.074581064517
1431,20140911,485.8249509073794
1432,20140912,5626.28990241955
1433,20140915,-247.65381828858517
1434,20140916,16500.88972609397
1435,20140917,-2457.111432478763
1436,20140918,19698.82583673834
1437,20140919,-16440.46304915077
1438,20140922,-10068.830874465406
1439,20140923,-21856.41938400222
1440,20140924,26334.87701149797
1441,20140925,-17034.02652927069
1442,20140926,6668.206582527608
1443,20140929,-5938.428690948058
1444,20140930,2472.514459704049
1445,20141001,-30171.624293877976
1446,20141002,-2237.289400127949
1447,20141003,24169.58248979738
1448,20141006,-9684.990877706092
1449,20141007,-20035.111967227887
1450,20141008,-2982.028734477237
1451,20141009,-19641.969624330755
1452,20141010,-18578.170576711185
1453,20141013,-42019.115157555556
1454,20141014,27804.35174108832
1455,20141015,496.256524305325
1456,20141016,22938.061115896795
1457,20141017,2746.692114777863
1458,20141020,44889.715183849214
1459,20141021,43887.44095496717
1460,20141022,-9751.722940245178
1461,20141023,-23754.70935969567
1462,20141024,15539.97547294991
1463,20141027,4521.531164534856
1464,20141028,12032.584239081945
1465,20141029,-10037.42398409592
1466,20141030,-3.2349312002770603
1467,20141031,8757.921840050258
1468,20141103,20767.67136322381
1469,20141104,27988.089359631296
1470,20141105,8023.74422522774
1471,20141106,29735.233662156388
1472,20141107,7510.355105559342
1473,20141110,22097.90491289785
1474,20141111,6298.551182209514
1475,20141112,-3.731592600233853
1476,20141113,2282.157370292116
1477,20141114,-12997.447995913913
1478,20141117,3064.990646638209
1479,20141118,15374.790513572749
1480,20141119,-10216.84491407522
1481,20141120,-10179.297585935565
1482,20141121,-21629.696318235714
1483,20141124,12464.613810312934
1484,20141125,-3.650078999809921
1485,20141126,19691.08116589999
1486,20141128,64778.48286705767
1487,20141201,-33625.79353818833
1488,20141202,-1018.8958201222122
1489,20141203,14948.374397078762
1490,20141204,8581.928539052838
1491,20141205,-6844.763048601802
1492,20141208,25683.02006967785
1493,20141209,-34223.954998378176
1494,20141210,19168.7876564085
1495,20141211,11284.399799714098
1496,20141212,-13039.791740178829
1497,20141215,4332.981598109938
1498,20141216,-51014.83920848742
1499,20141217,13790.29788893857
1500,20141218,12718.190478457604
1501,20141219,-9139.405467459
1502,20141222,25301.79802117287
1503,20141223,-7094.147038809257
1504,20141224,17228.62675723806
1505,20141226,6327.499635042157
1506,20141229,252.33989426773041
1507,20141230,6320.837512512691
1508,20141231,3774.6320173218846
1509,20150102,9351.57136521535
1510,20150105,-26454.362256907392
1511,20150106,-29617.459878907073
1512,20150107,8535.754947060486
1513,20150108,27008.76605164376
1514,20150109,-27370.063733096235
1515,20150112,-13548.414231601171
1516,20150113,5744.738097663736
1517,20150114,-26056.986778374994
1518,20150115,-13496.774745248724
1519,20150116,14494.759858328383
1520,20150120,32858.83800529828
1521,20150121,26184.219811241142
1522,20150122,88774.11281668954
1523,20150123,10881.274720299058
1524,20150126,15737.601900759619
1525,20150127,-13176.575846889056
1526,20150128,-2026.4444571950007
1527,20150129,30117.77465858101
1528,20150130,-45643.01878289133
1529,20150202,-16442.527229106752
1530,20150203,-32298.587007451104
1531,20150204,35182.975754721556
1532,20150205,-4295.620846248232
1533,20150206,-8318.257895304821
1534,20150209,-22179.90330548794
1535,20150210,13125.866608228302
1536,20150211,-7076.545137068722
1537,20150212,-4.128924900200218
1538,20150213,-5056.885400629602
1539,20150217,-18009.766860971227
1540,20150218,24370.731125941733
1541,20150219,5336.074521653587
1542,20150220,25821.889875179622
1543,20150223,-2291.4787812845316
1544,20150224,16823.812594501534
1545,20150225,-31391.318989236373
1546,20150226,-1021.6039535300806
1547,20150227,-21445.03656385606
1548,20150302,25014.508461488876
1549,20150303,-5101.805905459449
1550,20150304,1274.9966426426545
1551,20150305,2292.9327140757814
1552,20150306,-20479.62085121218
1553,20150309,2564.638634070754
1554,20150310,-11809.478726651287
1555,20150311,23080.889180119615
1556,20150312,28868.750519088237
1557,20150313,-11801.655351252295
1558,20150316,25456.81277661794
1559,20150317,18246.192796905758
1560,20150318,-12038.34354590578
1561,20150319,15630.311058032326
1562,20150320,252.94300078041852
1563,20150323,-23725.574503157288
1564,20150324,-13462.042906645685
1565,20150325,-31004.66138994298
1566,20150326,-14006.785426786868
1567,20150327,27381.80275320029
1568,20150330,8782.131445609732
1569,20150331,-7230.038466719678
1570,20150401,-21928.700603646226
1571,20150402,-15221.393816614058
1572,20150406,-45647.2007250099
1573,20150407,6463.479597430443
1574,20150408,38911.234435429564
1575,20150409,-773.5599017648492
1576,20150410,-3.057258919812739
1577,20150413,-1550.3256986222696
1578,20150414,-6708.797774006845
1579,20150415,-16317.390677027171
1580,20150416,9799.50772325811
1581,20150417,-11915.082971098367
1582,20150420,20267.326878837775
1583,20150421,11907.538730495144
1584,20150422,-4668.530965434853
1585,20150423,10665.146716959774
1586,20150424,6002.767354605487
1587,20150427,-31459.33624870912
1588,20150428,-10450.885224798694
1589,20150429,-24465.266414448153
1590,20150430,-10156.920284840511
1591,20150501,53314.86610529781
1592,20150504,-20202.132810293697
1593,20150505,-34158.437154662795
1594,20150506,9225.179271926172
1595,20150507,32259.31051699072
1596,20150508,29870.23263788619
1597,20150511,-5572.685638886178
1598,20150512,-20418.61152118072
1599,20150513,-25989.605129362084
1600,20150514,22524.099495523842
1601,20150515,-6076.980893025873
1602,20150518,6602.232454382349
1603,20150519,-32370.152934032027
1604,20150520,-98120.48057227884
1605,20150521,1055.1197987154592
1606,20150522,-9799.035139322747
1607,20150526,-22847.59487622301
1608,20150527,26279.110248040408
1609,20150528,-4784.9646497888025
1610,20150529,6352.275688485941
1611,20150601,23136.571420623222
1612,20150602,-799.6082152982708
1613,20150603,-2666.49047537311
1614,20150604,-10650.951874455903
1615,20150605,-3993.0989847709425
1616,20150608,-28126.057327715214
1617,20150609,-40341.622097071726
1618,20150610,-3732.2583683007397
1619,20150611,6632.074081728235
1620,20150612,7929.970656696707
1621,20150615,-21373.58150794776
1622,20150616,-7372.483482799027
1623,20150617,-1839.4848503344692
1624,20150618,524.725478479173
1625,20150619,9483.171810877975
1626,20150622,15037.903145661112
1627,20150623,-5550.446337870788
1628,20150624,-6086.0518406722695
1629,20150625,3703.43382382486
1630,20150626,-4516.585474317661
1631,20150629,-30346.724322491093
1632,20150630,-2390.2147385803983
1633,20150701,-12513.588422779692
1634,20150702,-2920.812940787757
1635,20150706,13803.014125505928
1636,20150707,10119.918722475879
1637,20150708,-27943.164533962496
1638,20150709,4269.221915988717
1639,20150710,34853.39743944723
1640,20150713,2664.446467306465
1641,20150714,-1863.2315802052617
1642,20150715,1596.6272151647136
1643,20150716,17268.493927829666
1644,20150717,5045.734008281259
1645,20150720,-11952.524395436281
1646,20150721,10649.82823712728
1647,20150722,10954.057430166984
1648,20150723,36461.520685366355
1649,20150724,-39826.440129651455
1650,20150727,2422.8264616592787
1651,20150728,26089.72773932619
1652,20150729,-14556.617676857626
1653,20150730,21289.031210321235
1654,20150731,-2974.85108774784
1655,20150803,35983.75460002781
1656,20150804,10815.849331631325
1657,20150805,-1086.9609904910903
1658,20150806,-2178.4385063715745
1659,20150807,-6273.326213652268
1660,20150810,5716.240304143401
1661,20150811,15462.08073389926
1662,20150812,8672.525377174374
1663,20150813,7884.35274461424
1664,20150814,10597.442971134558
1665,20150817,29631.272857043892
1666,20150818,-5057.432515199995
1667,20150819,7116.382779884385
1668,20150820,-38061.78691434907
1669,20150821,-31578.135717969853
1670,20150824,-19289.60099639767
1671,20150825,-19061.863150469726
1672,20150826,24076.26140453387
1673,20150827,-2213.2393613848835
1674,20150828,-5832.467942446936
1675,20150831,-11087.94566097064
1676,20150901,-9459.347951048287
1677,20150902,37950.410514338175
1678,20150903,-8100.175873715896
1679,20150904,-5597.85359726497
1680,20150908,24702.751009734347
1681,20150909,5312.400781929726
1682,20150910,1678.2684608409181
1683,20150911,5048.76255028462
1684,20150914,9272.203712896444
1685,20150915,842.5237420983613
1686,20150916,6762.426933841081
1687,20150917,9870.510298403213
1688,20150918,-565.0436124016996
1689,20150921,-2551.6364687464666
1690,20150922,-32387.693273051176
1691,20150923,9622.232808096334
1692,20150924,-11626.843014415354
1693,20150925,-2279.8029478928074
1694,20150928,-18272.31831516954
1695,20150929,6551.1411163148005
1696,20150930,10280.564020955935
1697,20151001,10590.783606322482
1698,20151002,-859.4214404346421
1699,20151005,26207.615171446465
1700,20151006,-36917.2750993697
1701,20151007,20224.676893369062
1702,20151008,1425.562171331374
1703,20151009,33817.26089455141
1704,20151012,36688.80081721349
1705,20151013,-11463.135584211443
1706,20151014,570.9782215154264
1707,20151015,11535.710589989554
1708,20151016,-19603.63172146608
1709,20151019,24523.95360721089
1710,20151020,-870.2396249808371
1711,20151021,-9870.907588144299
1712,20151022,87926.76991634187
1713,20151023,33249.97897963249
1714,20151026,15593.893190590432
1715,20151027,-8654.34055380174
1716,20151028,-1740.1118599651381
1717,20151029,11884.811778090894
1718,20151030,13645.475165270735
1719,20151102,13090.79341016803
1720,20151103,6375.6059900710825
1721,20151104,-9258.118603105424
1722,20151105,867.4617541015614
1723,20151106,5205.95009650453
1724,20151109,-13933.000607163645
1725,20151110,2607.203203763347
1726,20151111,7506.523991766851
1727,20151112,-874.1397625161335
1728,20151113,-23133.749663076364
1729,20151116,-4336.03341268003
1730,20151117,5506.0800872859545
1731,20151118,11052.795491411816
1732,20151119,16323.636125651887
1733,20151120,13139.271021344932
1734,20151123,4381.9196791057475
1735,20151124,-36186.09220160241
1736,20151125,-10197.031624595867
1737,20151127,-1747.4028810791206
1738,20151130,1748.2812425713055
1739,20151201,33992.88442823873
1740,20151202,13814.936962120235
1741,20151203,-6463.7114583260845
1742,20151204,62259.31140550994
1743,20151207,4973.6095500949305
1744,20151208,-130997.81520598661
1745,20151209,-15795.430577015039
1746,20151210,21882.085496279644
1747,20151211,-53481.31498547341
1748,20151214,10257.399214935023
1749,20151215,13232.818822518224
1750,20151216,17111.659060694277
1751,20151217,-37983.84082308854
1752,20151218,-22600.905573942466
1753,20151221,18433.097243537195
1754,20151222,4974.1917303453665
1755,20151223,-2921.421332110418
1756,20151224,13412.408026307588
1757,20151228,-2332.7835724612232
1758,20151229,15109.334547013044
1759,20151230,-28765.07626289036
